Stock name,Symbol,Country of origin
A. O. Smith Corporation,AOS,US
"A10 Networks, Inc.",ATEN,US
AAC Holdings Inc.,AAC,US
AAR Corporation,AIR,US
Aaron's Inc.,AAN,US
ABB LTD.,ABB,Switzerland
Abbott Laboratories,ABT,US
AbbVie Inc.,ABBV,US
Abercrombie & Fitch,ANF,US
"Aberdeen Greater China Fund, Inc.",GCH,US
"Aberdeen Japan Equity Fund, Inc.",JEQ,US
"Aberdeen Singapore Fund, Inc.",SGF,US
ABM Industries Incorporated,ABM,US
Acadia Realty Trust,AKR,US
Accenture plc,ACN,Ireland
ACCO Brands Corporation,ACCO,US
"Acorn International, Inc.",ATV,China
Actuant Corporation,ATU,US
Acushnet Holdings Corp.,GOLF,US
"Acuity Brands, Inc.",AYI,US
Adams Express Company,ADX,US
Adecoagro S.A.,AGRO,Argentina
Adeptus Health Inc.,ADPT,US
Adient Plc,ADNT,Ireland
"Advance Auto Parts, Inc.",AAP,US
Advanced Disposal Services Inc.,ADSW,US
Advanced Drainage Systems Inc.,WMS,US
"Advanced Semiconductor Engineering, Inc.",ASX,Taiwan
AdvancePierre Food Holdings Inc.,APFH,US
AdvanSix Inc.,ASIX,US
Advantage Oil & Gas Ltd.,AAV,Canada
Advent Claymore Convertible Securities and Income Fund,AVK,US
Advent Claymore Convertible Securities and Income Fund II,AGC,US
Advent Claymore Enhanced Growth & Income Fund,LCM,US
AECOM Technology Corporation,ACM,US
Aegean Marine Petroleum Network Inc.,ANW,Greece
Aegon N.V.,AEG,Netherlands
Aegon N.V.,AEB,Netherlands
Aegon N.V.,AED,Netherlands
Aegon N.V.,AEH,Netherlands
Aegon N.V.,AEK,Netherlands
AerCap Holdings N.V.,AER,Ireland
"Aerohive Networks, Inc.",HIVE,US
Aerojet Rocketdyne Holdings Inc.,AJRD,US
The AES Corporation,AES,US
AES Trust III,AES.PRC,US
Aetna Inc.,AET,US
Affiliated Managers Group,AMG,US
Affiliated Managers Group,MGR,US
AFLAC Incorporated,AFL,US
AFLAC Incorporated,AFSD,US
"AG Mortgage Investment Trust, Inc.",MITT,US
"AG Mortgage Investment Trust, Inc.",MITT.PRA,US
"AG Mortgage Investment Trust, Inc.",MITT.PRB,US
Agco Corporation,AGCO,US
Agilent Technologies Inc.,A,US
Agnico Eagle Mines Limited,AEM,Canada
Agree Realty Corporation,ADC,US
Agrium Inc.,AGU,Canada
A.H. Belo Corporation,AHC,US
Air Lease Corporation,AL,US
"Air Products and Chemicals, Inc.",APD,US
Aircastle Limited,AYR,US
AK Steel Holding Corp,AKS,US
Alabama Power Company,ALP.PRO,US
Alamo Group Inc.,ALG,US
Alamos Gold Inc.,AGI,US
"Alaska Air Group, Inc.",ALK,US
Albany International Corp,AIN,US
Albemarle Corporation,ALB,US
"Alcoa, Inc.",AA,US
Alere Inc.,ALR,US
Alere Inc.,ALR.PRB,US
"Alexander & Baldwin, Inc.",ALEX,US
Alexanders Inc.,ALX,US
Alexandria Real Estate Equities Inc.,ARE,US
Alexandria Real Estate Equities Inc.,ARE.PRD,US
Alexandria Real Estate Equities Inc.,ARE.PRE,US
Algonquin Power & Utilities Corp.,AQN,Canada
Alibaba Group Holding Ltd.,BABA,China
Alleghany Corporation,Y,US
Allegheny Technologies Incorporated,ATI,US
Allegion Public Limited Company,ALLE,Ireland
Allergan Inc.,AGN,Ireland
Allergan Inc.,AGN.PRA,Ireland
"ALLETE, Inc.",ALE,US
"Alliance California Municipal Income Fund, Inc.",AKP,US
Alliance Data Systems Corporation,ADS,US
"Alliance One International, Inc.",AOI,US
"AllianceBernstein Global High Income Fund, Inc.",AWF,US
AllianceBernstein Holding L.P.,AB,US
"AllianceBernstein National Municipal Income Fund, Inc.",AFB,US
Alliant Energy Corporation,LNT,US
AllianzGI Convertible & Income Fund,NCV,US
AllianzGI Convertible & Income Fund II,NCZ,US
AllianzGI Equity & Convertible Income Fund,NIE,US
"AllianzGI NFJ Dividend, Interest & Premium Strategy Fund",NFJ,US
Allied Capital Corporation,AFC,US
"Allied World Assurance Company Holdings, AG",AWH,Switzerland
"Allison Transmission Holdings, Inc.",ALSN,US
Allstate Corporation,ALL,US
Allstate Corporation,ALL.PRA,US
Allstate Corporation,ALL.PRB,US
Allstate Corporation,ALL.PRC,US
Allstate Corporation,ALL.PRD,US
Allstate Corporation,ALL.PRE,US
Allstate Corporation,ALL.PRF,US
Ally Financial Inc.,ALLY,US
"Alon USA Energy, Inc.",ALJ,US
"Alon USA Partners, LP",ALDW,US
Alpine Global Dynamic Dividend Fund,AGD,US
Alpine Global Premier Properties Fund,AWP,US
Alpine Total Dynamic Dividend Fund,AOD,US
Altisource Residential Corporation,RESI,US
"Altria Group, Inc.",MO,US
Aluminum Corporation of China Ltd,ACH,China
"Amber Road, Inc.",AMBR,US
Ambev S.A.,ABEV,Brazil
"AMC Entertainment Holdings, Inc.",AMC,US
Amec Foster Wheeler PLC,AMFW,United Kingdom
Ameren Corporation,AEE,US
"Ameresco, Inc.",AMRC,US
"American Assets Trust, Inc.",AAT,US
"American Axle & Manufacturing Holdings, Inc.",AXL,US
"American Campus Communities, Inc.",ACC,US
"American Eagle Outfitters, Inc.",AEO,US
American Electric Power Company,AEP,US
American Equity Investment Life Holding Company,AEL,US
American Express Company,AXP,US
American Financial Group Inc.,AFG,US
American Financial Group Inc.,AFA,US
American Financial Group Inc.,AFW,US
American Homes 4 Rent,AMH,US
American Homes 4 Rent,AMH.PRA,US
American Homes 4 Rent,AMH.PRB,US
American Homes 4 Rent,AMH.PRC,US
American Homes 4 Rent,AMH.PRD,US
American Homes 4 Rent,AMH.PRE,US
American International Group Inc,AIG,US
American International Group Inc,AIG.WS,US
"American Midstream Partners, LP",AMID,US
"American Realty Investors, Inc.",ARL,US
American Renal Associates Holdings Inc.,ARA,US
American States Water Co.,AWR,US
American Tower Corporation,AMT,US
American Tower Corporation,AMT.PRA,US
American Tower Corporation,AMT.PRB,US
American Vanguard Corporation,AVD,US
"American Water Works Company, Inc.",AWK,US
Amerigas Partners lp,APU,US
"Ameriprise Financial, Inc.",AMP,US
AmerisourceBergen Corporation,ABC,US
Ametek Inc.,AME,US
Amira Nature Foods Ltd,ANFI,United Arab Emirates
"AMN Healthcare Services, Inc.",AMN,US
Ampco-Pittsburgh Corporation,AP,US
Amphenol Corporation,APH,US
Amplify Snack Brands Inc.,BETR,US
AMREP Corporation,AXR,US
"AmTrust Financial Services, Inc.",AFSI.PRA,US
"AmTrust Financial Services, Inc.",AFSI.PRB,US
"AmTrust Financial Services, Inc.",AFSI.PRC,US
"AmTrust Financial Services, Inc.",AFSI.PRD,US
"AmTrust Financial Services, Inc.",AFSI.PRE,US
"AmTrust Financial Services, Inc.",AFSI.PRF,US
América Móvil S.A.B de C.V.,AMX,Mexico
América Móvil S.A.B de C.V.,AMOV,Mexico
AngloGold Ashanti Limited,AU,South Africa
Anheuser-Busch Inbev SA/NV,BUD,Belgium
Anixter International Inc.,AXE,US
"Annaly Capital Management, Inc.",NLY,US
"Annaly Capital Management, Inc.",NLY.PRA,US
"Annaly Capital Management, Inc.",NLY.PRC,US
"Annaly Capital Management, Inc.",NLY.PRD,US
"Annaly Capital Management, Inc.",NLY.PRE,US
Antero Resources Corporation,AR,US
Antero Midstream Partners LP,AM,US
Anthem Inc.,ANTM,US
Anthem Inc.,ANTX,US
Anworth Mortgage Asset Corporation,ANH,US
Anworth Mortgage Asset Corporation,ANH.PRA,US
Anworth Mortgage Asset Corporation,ANH.PRB,US
Anworth Mortgage Asset Corporation,ANH.PRC,US
Aon Corporation,AON,United Kingdom
APA Corporation,APA,US
Apartment Investment & Management Company,AIV,US
Apartment Investment & Management Company,AIV.PRA,US
"Apollo Commercial Real Estate Finance, Inc.",ARI,US
"Apollo Commercial Real Estate Finance, Inc.",ARI.PRA,US
"Apollo Commercial Real Estate Finance, Inc.",ARI.PRC,US
"Apollo Global Management, LLC",APO,US
Apollo Investment Corporation,AIB,US
Apollo Investment Corporation,AIY,US
Apollo Senior Floating Rate Fund Inc.,AFT,US
Apollo Tactical Income Fund Inc.,AIF,US
Apple Hospitality REIT Inc.,APLE,US
"Applied Industrial Technologies, Inc.",AIT,US
AptarGroup Inc.,ATR,US
"Aqua America, Inc.",WTR,US
AquaVenture Holdings Ltd.,WAAS,British Virgin Islands
Aramark,ARMK,US
"Arbor Realty Trust, Inc.",ABR,US
"Arbor Realty Trust, Inc.",ABRN,US
"Arbor Realty Trust, Inc.",ABR.PRA,US
"Arbor Realty Trust, Inc.",ABR.PRB,US
"Arbor Realty Trust, Inc.",ABR.PRC,US
"ARC Document Solutions, Inc.",ARC,US
Arc Logistics Partners LP,ARCX,US
ArcelorMittal,MT,Luxembourg
Arch Capital Group Ltd.,ARH.PRC,Bermuda
Arch Coal Inc,ARCH,US
Archer Daniels Midland Co.,ADM,US
Archrock Inc.,AROC,US
Arconic Inc.,ARNC,US
Arconic Inc.,ARNC.PR,US
Arconic Inc.,ARNC.PRB,US
Arcos Dorados Holdings Inc.,ARCO,Uruguay
Ardmore Shipping Corporation,ASC,US
Ares Capital,ARU,US
Ares Commercial Real Estate Corporation,ACRE,US
"Ares Dynamic Credit Allocation Fund, Inc.",ARDC,US
"Ares Management, L.P.",ARES,US
"Ares Management, L.P.",ARES.PRA,US
"Ares Multi-Strategy Credit Fund, Inc.",ARMF,US
"Argan, Inc.",AGX,US
Arista Networks,ANET,US
Arlington Asset Investment Corporation,AI,US
Arlington Asset Investment Corp.,AIW,US
"Armada Hoffler Properties, Inc.",AHH,US
"Armour Residential REIT, Inc.",ARR,US
"Armour Residential REIT, Inc.",ARR.PRA,US
"Armour Residential REIT, Inc.",ARR.PRB,US
Armstrong Flooring Inc.,AFI,US
"Armstrong World Industries, Inc.",AWI,US
Arrow Electronics Inc,ARW,US
Arthur J.Gallagher & Co.,AJG,US
Artisan Partners Asset Management Inc.,APAM,US
ASA Gold and Precious Metals Limited,ASA,Bermuda
"Asbury Automotive Group, Inc.",ABG,US
"Ashford Hospitality Prime, Inc.",AHP,US
"Ashford Hospitality Trust, Inc.",AHT,US
"Ashford Hospitality Trust, Inc.",AHT.PRA,US
"Ashford Hospitality Trust, Inc.",AHT.PRB,US
"Ashford Hospitality Trust, Inc.",AHT.PRD,US
"Ashford Hospitality Trust, Inc.",AHT.PRF,US
"Ashford Hospitality Trust, Inc.",AHT.PRG,US
Ashland Inc.,ASH,US
"The Asia Pacific Fund, Inc.",APB,US
"The Asia Tigers Fund, Inc.",GRR,US
"Aspen Aerogels, Inc.",ASPN,US
Aspen Insurance Holdings Limited,AHL,Bermuda
Aspen Insurance Holdings Limited,AHL.PRB,Bermuda
Aspen Insurance Holdings Limited,AHL.PRC,Bermuda
Aspen Insurance Holdings Limited,AHL.PRD,Bermuda
Associated Banc-Corp,ASB,US
Associated Banc-Corp,ASB.PRC,US
Associated Banc-Corp,ASB.PRD,US
Associated Capital Group Inc.,AC,US
"Assurant, Inc.",AIZ,US
Assured Guaranty Ltd.,AGO,Bermuda
Assured Guaranty Municipal Holdings Inc.,AGO.PRB,Bermuda
Assured Guaranty Municipal Holdings Inc.,AGO.PRE,Bermuda
Assured Guaranty Municipal Holdings Inc.,AGO.PRF,Bermuda
Astoria Financial Corporation,AF,US
Astoria Financial Corporation,AF.PRC,US
AstraZeneca Group plc,AZN,United Kingdom
AT&T Inc.,T,US
At Home Group Inc.,HOME,US
Atento SA,ATTO,Luxembourg
Athene Holding Ltd.,ATH,Bermuda
Atkore International Group Inc.,ATKR,US
Atlantic Power Corporation,AT,Canada
Atmos Energy Corporation,ATO,US
AU Optronics Corp.,AUO,Taiwan
"Audacy, Inc.",AUD,US
Autohome Inc.,ATHM,China
Autoliv Inc.,ALV,US
Autonation Inc,AN,US
"AutoZone, Inc",AZO,US
"AvalonBay Communities, Inc.",AVB,US
Avangrid Inc.,AGR,US
Avenue Income Credit Strategies Fund,ACP,US
Avery Dennison Corporation,AVY,US
Avianca Holdings S.A.,AVH,Panama
Avista Corporation,AVA,US
Avnet Inc,AVT,US
"Avon Products, Inc.",AVP,United Kingdom
Avx Corporation,AVX,US
Axalta Coating Systems Ltd.,AXTA,US
Axis Capital Holdings Limited,AXS,Bermuda
Axis Capital Holdings Limited,AXS.PRC,Bermuda
Axis Capital Holdings Limited,AXS.PRD,Bermuda
Axis Capital Holdings Limited,AXS.PRE,Bermuda
Axovant Sciences Ltd.,AXON,Bermuda
Azure Power Global Ltd.,AZRE,India
AZZ incorporated,AZZ,US
B&G Foods,BGS,US
Babcock & Wilcox,BWC,US
Babson Capital Corporate Investors,MCI,US
Badger Meter,BMI,US
Baker Hughes,BKR,US
Ball Corporation,BLL,US
Bally Technologies,BYI,US
Baltic Trading,BALT,US
Banc of California,BANC,US
Banco Bilbao Vizcaya Argentaria,BBVA,Spain
Banco Bradesco,BBD,Brazil
Banco de Chile,BCH,Chile
Banco Latinoamericano De Comercio Exterior,BLX,Panama
Banco Macro,BMA,Argentina
Banco Santander,SAN,Spain
Banco Santander (Brasil),BSBR,Brazil
Banco Santander-Chile,BSAC,Chile
Bancolombia,CIB,Colombia
BancorpSouth,BXS,US
Bank of America,BAC,US
Bank of Hawaii,BOH,US
The Bank of New York Mellon,BK,US
Scotiabank,BNS,Canada
Bankrate,RATE,US
BankUnited,BKU,US
Barclays,BCS,United Kingdom
Barnes Group,B,US
Barracuda Networks,CUDA,US
Barrick Gold,ABX,Canada
Basic Energy Services,BAS,US
Baxter International,BAX,US
Baytex Energy,BTE,Canada
BBVA Banco Francés,BFR,Argentina
BankAtlantic,BBX,US
Bell Canada,BCE,Canada
Beazer Homes USA,BZH,US
Becton Dickinson,BDX,US
Belden,BDC,US
Belmond,BEL,Bermuda
Bemis Company,BMS,US
Benchmark Electronics,BHE,US
Berkshire Hathaway,BRK.A & BRK.B,US
Berkshire Hills Bancorp,BHLB,US
Berry Plastics,BERY,US
Best Buy,BBY,US
BGC Partners,BGCA,US
BHP,BBL & BHP,United Kingdom
Big Lots,BIG,US
Biglari Holdings,BH,US
Bill Barrett Corporation,BBG,US
Bio-Rad Laboratories,BIO,US
BioAmber,BIOA,Canada
BioMed Realty Trust,BMR,US
BitAuto Holdings,BITA,China
Black Hills Corporation,BKH,US
BlackRock,BLK,US
The Blackstone Group,BX,US
Blackstone Mortgage Trust,BXMT,US
Blount International,BLT,US
Blue Capital Reinsurance Holdings,BCRH,US
BlueLinx,BXC,US
Blyth,BTH,US
BMO Financial Group,BMO,Canada
Boeing,BA,US
Boise Cascade,BCC,US
Bonanza Creek Energy,BCEI,US
Booz Allen Hamilton,BAH,US
BorgWarner,BWA,US
Boston Beer Co,SAM,US
Boston Properties,BXP,US
Boston Scientific,BSX,US
Box Ships,TEU,Greece
Boyd Gaming,BYD,US
BP,BP,United Kingdom
BP Prudhoe Bay Royalty Trust,BPT,US
BPZ Resources,BPZ,US
Brady Corporation,BRC,US
Brandywine Realty Trust,BDN,US
BrasilAgro – Companhia Brasileira de Propriedades Agrícolas,LND,Brazil
Braskem,BAK,Brazil
BRF S.A.,BRFS,Brazil
Briggs & Stratton,BGG,US
Bright Horizons Family Solutions,BFAM,US
Brinker International,EAT,US
Brink's,BCO,US
Bristol-Myers Squibb,BMY,US
Bristow Helicopters,BRS,US
Brixmor Property Group,BRX,US
Broadridge Financial Solutions,BR,US
Brookdale Senior Living,BKD,US
Brookfield Asset Management,BAM,Canada
Brookfield Canada Office Properties,BOXC,Canada
Brookfield Infrastructure Partners,BIP,Canada
Brookfield Property Partners,BPY,Canada
Brookfield Renewable,BEP,Canada
Brookfield Residential,BRP,Canada
Brown & Brown,BRO,US
Brown-Forman,BF.A & BF.B,US
Brown Shoe,BWS,US
BRT Realty Trust,BRT,US
Brunswick Corporation,BC,US
BT Group,BT,United Kingdom
Buckeye Partners,BPL,US
The Buckle,BKE,US
Build-A-Bear Workshop,BBW,US
Bunge,BG,US
Burlington Coat Factory,BURL,US
C. R. Bard,BCR,US
"C&J Energy Services, Inc.",CJES,US
Cabco Tr For J C Penney Debs,PFH,US
Cabela's,CAB,US
Cabot Corporation,CBT,US
Coterra,CTRA,US
CACI,CACI,US
CAE Inc.,CAE,Canada
"CAI International, Inc.",CAP,US
"Cal Dive International, Inc.",DVR,US
Calgon Carbon,CCC,US
California Water Service Group,CWT,US
Calix Inc.,CALX,US
Callaway Golf Company,ELY,US
Callon Petroleum Company,CPE,US
Calpine,CPN,US
Cambrex Corporation,CBM,US
Camden Property Trust,CPT,US
Cameco,CCJ,Canada
Cameron International,CAM,US
Campbell Soup Company,CPB,US
"Campus Crest Communities, Inc.",CCG,US
Canada Goose Holdings Inc.,GOOS,Canada
Canadian Imperial Bank of Commerce,CM,Canada
Canadian National Railway,CNI,Canada
Canadian Natural Resources,CNQ,Canada
Canadian Pacific Railway,CP,Canada
Canon Inc.,CAJ,Japan
Canopy Growth Corporation,CGC,Canada
Cantel Medical Corporation,CMN,US
Capital One,COF,US
Capital Senior Living,CSU,US
Capitala Finance Corp,CLA,US
Capstead Mortgage Corporation,CMO,US
CARBO Ceramics Inc.,CRR,US
Cardinal Health,CAH,US
Care.com,CRCM,US
CareFusion,CFN,US
Carlisle Companies,CSL,US
CarMax,KMX,US
Carnival Corporation & plc,CCL,US
Carnival Corporation & plc,CUK,United Kingdom
Carpenter Technology Corporation,CRS,US
Carriage Services,CSV,US
"Carter's, Inc.",CRI,US
Cash America International,CSH,US
Castlight Health,CSLT,US
"CatchMark Timber Trust, Inc.",CTT,US
Caterpillar Inc.,CAT,US
Cato Corporation,CATO,US
"CBIZ, Inc.",CBZ,US
CBL & Associates Properties,CBL,US
CBRE Clarion Global Real Estate Income Fund,IGR,US
CBRE Group,CBG,US
CDI Corporation,CDI,US
Cedar Fair,FUN,US
Cedar Realty Trust,CDR,US
Celadon Group,CGI,US
Celanese,CE,US
Celestica,CLS,Canada
"Cellcom Israel, Ltd.",CEL,Israel
Cementos Pacasmayo,CPAC,Peru
Cemex,CX,Mexico
Cencosud,CNCO,Chile
Cenovus Energy,CVE,US
Centene Corporation,CNC,US
Center Coast MLP & Infrastructure Fund,CEN,US
CenterPoint Energy,CNP,US
Eletrobras,EBR,Brazil
"The Central Europe, Russia and Turkey Fund, Inc.",CEE,US
Central Pacific Bank,CPF,US
"Century Communities, Inc.",CCS,US
CenturyLink,CTL,US
Cenveo,CVO,US
CF Industries,CF,US
CGG,CGG,France
CGI Group,GIB,Canada
Chambers Street Properties,CSG,US
ChannelAdvisor Corporation,ECOM,US
Charles River Laboratories,CRL,US
Charles Schwab Corporation,SCHW,US
Chatham Lodging Trust,CLDT,US
CHC Helicopter,HELI,US
Checkpoint Systems,CKP,US
Cheetah Mobile,CMCM,China
Chegg,CHGG,US
Chemed Corporation,CHE,US
Chemtura,CHMT,US
Cherry Hill Mortgage Investment Corporation,CHMI,US
Chesapeake Energy,CHK,US
Chesapeake Granite Wash Trust,CHKR,US
Chesapeake Lodging Trust,CHSP,US
Chesapeake Utilities,CPK,US
Chevron Corporation,CVX,US
Chicago Bridge & Iron Company,CBI,US
"Chico's FAS, Inc.",CHS,US
Chimera Investment Corporation,CIM,US
China Cord Blood Corporation,CO,China
"China Digital TV Holding Co., LTD.",STV,China
China Distance Education Holdings Limited,DL,China
China Eastern Airlines,CEA,China
"The China Fund, Inc.",CHN,US
China Green Agriculture,CGA,China
China Life Insurance Company,LFC,China
Mingyang Wind Power,MY,China
China Mobile,CHL,China
China Nepstar,NPD,China
China New Borun Corporation,BORN,China
Sinopec,SNP,China
China Southern Airlines,ZNH,China
China Telecom,CHA,China
China Unicom,CHU,China
China Xiniya Fashion Limited,XNY,China
China Yuchai International,CYD,Singapore
China Zenix Auto International Limited,ZX,China
Chipotle Mexican Grill,CMG,US
Chiquita Brands International,CQB,US
Choice Hotels,CHH,US
Christopher & Banks,CBK,US
Chubb Corp.,CB,US
Chunghwa Telecom,CHT,Taiwan
Church & Dwight,CHD,US
Ciena,CIEN,US
Cigna,CI,US
Cincinnati Bell,CBB,US
Cinemark Theatres,CNK,US
"Circor International, Inc.",CIR,US
CIT Group,CIT,US
Citigroup,C,US
"Citizens, Inc.",CIA,US
Citizens Funding Trust I,CTZ.PRA,US
City National Corporation,CYN,US
"City Office REIT, Inc.",CIO,Canada
Civeo Corporation,CVEO,US
Clarcor,CLC,US
"Clayton Williams Energy, Inc.",CWEI,US
Clean Harbors,CLH,US
Clear Channel Outdoor,CCO,US
ClearBridge American Energy MLP Fund Inc.,CBA,US
Clearbridge Energy MLP Fund Inc.,CEM,US
Clearbridge Energy MLP Opportunity Fund Inc.,EMO,US
ClearBridge Energy MLP Total Return Fund Inc.,CTR,US
Clearwater Paper,CLW,US
CLECO,CNL,US
Cliffs Natural Resources,CLF,US
Clorox,CLX,US
Cloud Peak Energy,CLD,US
ClubCorp,MYCC,US
CMS Energy,CMS,US
CNA Financial,CNA,US
CNH Industrial,CNHI,United Kingdom
CNO Financial Group,CNO,US
CNOOC Limited,CEO,China
"Coach, Inc.",COH,US
Cobalt International Energy,CIE,US
The Coca-Cola Company,KO,US
Coca-Cola Enterprises,CCE,US
"Coca-Cola FEMSA, S.A.B. De C.V.",KOF,Mexico
Coeur Mining,CDE,US
"Coeur Mining, Inc.",CDE.WS,US
"Cohen & Steers, Inc.",CNS,US
Colfax Corporation,CFX,US
Colgate-Palmolive,CL,US
"Colony Financial, Inc.",CLNY,US
"Columbia Property Trust, Inc.",CXP,US
"Columbia Seligman Premium Technology Growth Fund, Inc.",STK,US
Comcast,CCV,US
Comcast Holdings Corporation,CCZ,US
Comerica,CMA,US
Comfort Systems USA,FIX,US
Commercial Metals Company,CMC,US
CommonWealth REIT,CWH,US
"Community Bank, N.A.",CBU,US
Community Health Systems,CYH,US
Companhia Brasileira de Distribuição,CBD,Brazil
Sabesp,SBS,Brazil
CEMIG,CIG,Brazil
Copel,ELP,Brazil
Companhia Siderúrgica Nacional,SID,Brazil
Compass Diversified Holdings,CODI,US
Compass Minerals,CMP,US
Compañia de Minas Buenaventura SA,BVN,Peru
Compañía de las Cervecerías Unidas,CCU,Chile
Computer Sciences Corporation,CSC,US
Comstock Resources Inc.,CRK,US
Con-way Inc.,CNW,US
ConAgra Foods,CAG,US
Concho Resources Inc.,CXO,US
Concord Medical Services Holdings Limited,CCM,China
ConocoPhillips,COP,US
CONSOL Energy Inc.,CNX,US
Consolidated Edison,ED,US
Constellation Brands,STZ,US
"Constellation Brands, Inc.",STZ.B,US
Constellium N.V.,CSTM,US
Consumers Energy,CMS.PRB,US
The Container Store,TCS,US
Continental Building Products Inc.,CBPX,US
Continental Resources,CLR,US
Volaris,VLRS,US
Convergys,CVG,US
The Cooper Companies,COO,US
Cooper-Standard Automotive,CPS,US
Cooper Tire & Rubber Company,CTB,US
Copa Holdings,CPA,Panama
Core Laboratories,CLB,Netherlands
CoreLogic,CLGX,US
"CorEnergy Infrastructure Trust, Inc.",CORR,US
CoreSite,COR,US
Corning Inc.,GLW,US
Corpbanca,BCA,Chile
Corporate Asset Backed Corporation,GYB,US
Corporate Asset Backed Corporation,GYC,US
The Corporate Executive Board Company,CEB,US
Corporate Office Properties Trust,OFC,US
Corporate Office Properties Trust,OFC.PRL,US
Corrections Corporation of America,CXW,US
Cosan,CZZ,Brazil
Costamare,CMRE,Greece
Cott,COT,Canada
"Coty, Inc.",COTY,US
"Country Style Cooking Restaurant Chain Co., Ltd.",CCSC,US
Countrywide Capital IV,CFC.PRA,US
Countrywide Capital V,CFC.PRB,US
Coupons.com,COUP,US
Cousins Properties,CUZ,US
Covance,CVD,US
Covanta Energy,CVA,US
Covidien,COV,Ireland
CPFL Energia,CPL,Brazil
Crane Co.,CR,US
Crawford & Company,CRD.A,US
Crawford & Company,CRD.B,US
Credicorp,BAP,Peru
Credit Suisse,CS,Switzerland
Crescent Point Energy,CPG,US
Crestwood Equity Partners LP,CEQP,US
"Crestwood Midstream, L.P.",CMLP,US
CRH plc,CRH,Ireland
Cross Timbers Royalty Trust,CRT,US
Crown Castle,CCI,US
Crown Castle Preferred,CCI.PRA,US
Crown Holdings,CCK,US
CryoLife,CRY,US
CSS Industries,CSS,US
CST Brands,CST,US
CSX Corporation,CSX,US
CTS Corporation,CTS,US
CubeSmart,CUBE,US
Cubic Corporation,CUB,US
Frost Bank,CFR,US
"Culp, Inc.",CFI,US
Cummins,CMI,US
Curtiss-Wright,CW,US
The Cushing MLP Total Return Fund,SRV,US
The Cushing Renaissance Fund,SZC,US
The Cushing Royalty & Income Fund,SRF,US
Cutwater Select Income Fund,CSI,US
Cvent,CVT,US
"CVR Energy, Inc.",CVI,US
CVR Partners,UAN,US
"CVR Refining, LP",CVRR,US
CVS Caremark,CVS,US
"Cypress Energy Partners, L.P.",CELP,US
"CYS Investments, Inc.",CYS,US
Cytec Industries,CYT,US
D. R. Horton Inc.,DHI,US
D&B Corporation,DNB,US
Dana Holding Corporation,DAN,US
Danaher Corporation,DHR,US
Danaos Corporation,DAC,Greece
DAQO New Energy Corp.,DQ,Cayman Islands
"Darden Restaurants, Inc.",DRI,US
Darling Ingredients Inc.,DAR,US
DaVita Inc.,DVA,US
"DCP Midstream Partners, LP",DPM,US
Deckers Outdoor Corporation,DECK,US
Deere & Company,DE,US
Delaware Enhanced Global Dividend & Income Fund,DEX,US
"Delaware Investments Dividend and Income Fund, Inc.",DDF,US
"Delek Logistics Partners, LP",DKL,US
"Delek US Holdings, Inc.",DK,US
Delphi Automotive PLC,DLPH,US
"Delta Air Lines, Inc.",DAL,US
Deltic Timber Corporation,DEL,US
Deluxe Corporation,DLX,US
"Demand Media, Inc.",DMD,US
"Demandware, Inc.",DWRE,US
The Denali Fund Inc.,DNY,US
Denbury Inc.,DEN,US
Deutsche Bank AG,DB,Germany
Deutsche Bank Capital Funding Trust IX,DTT,US
Deutsche Bank Capital Funding Trust VIII,DUA,US
Deutsche Bank Contingent Capital Trust II,DXB,US
Deutsche Bank Contingent Capital Trust III,DTK,US
Deutsche Bank Contingent Capital Trust V,DKT,US
Devon Energy Corporation,DVN,US
DeVry Education Group Inc.,DV,US
"DHT Holdings, Inc.",DHT,Marshall Islands
Diageo plc,DEO,United Kingdom
Diamond Offshore Drilling Inc.,DO,US
"Diamond Resorts International, Inc.",DRII,US
DiamondRock Hospitality Company,DRH,US
"Diana Shipping, Inc.",DSX,Greece
"Diana Shipping, Inc.",DSX.PRB,Greece
"Dice Holdings, Inc.",DHX,US
"Dick's Sporting Goods, Inc.",DKS,US
Diebold Inc.,DBD,US
"Digital Realty Trust, Inc.",DLR,US
"Digital Realty Trust, Inc.",DLR.PRE,US
"Digital Realty Trust, Inc.",DLR.PRF,US
"Digital Realty Trust, Inc.",DLR.PRG,US
"Digital Realty Trust, Inc.",DLR.PRH,US
Dillards Inc.,DDS,US
Dillards Cap Tr I,DDT,US
"DineEquity, Inc.",DIN,US
Discover Financial Services,DFS,US
Discover Financial Services,DFS.PRB,US
Dividend and Income Fund,DNI,US
DNP Select Income Fund Inc.,DNP,US
"Dolby Laboratories, Inc.",DLB,US
Dollar General Corporation,DG,US
"Dominion Resources, Inc.",D,US
"Dominion Resources, Inc.",DCUA,US
"Dominion Resources, Inc.",DCUB,US
"Dominion Resources, Inc.",DCUC,US
"Dominion Resources, Inc.",DRU,US
Dominion Resources Black Warrior Trust,DOM,US
"Domino's Pizza, Inc.",DPZ,US
Domtar Corporation,UFS,Canada
Donaldson Co Inc.,DCI,US
Doral Financial Corporation,DRL,Puerto Rico
Dorian LPG Ltd.,LPG,Marshall Islands
Doubleline Income Solutions Fund,DSL,US
DoubleLine Opportunistic Credit Fund,DBL,US
"Douglas Dynamics, Inc.",PLOW,US
"Douglas Emmett, Inc.",DEI,US
Dover Corporation,DOV,US
"Dover Downs Gaming & Entertainment, Inc.",DDE,US
"Dover Motorsports, Inc.",DVD,US
Dow 30 Enhanced Premium & Income Fund Inc.,DPO,US
"Dow 30 Premium & Dividend Income Fund, Inc.",DPD,US
Dow Chemical Co.,DOW,US
"Dr Pepper Snapple Group, Inc.",DPS,US
Dr. Reddy's Laboratories Limited,RDY,India
DRDGOLD Limited,DRD,South Africa
Dresser-Rand Group Inc.,DRC,US
Drew Industries Incorporated,DW,US
Dreyfus High Yield Strategies Fund,DHF,US
"Dreyfus Municipal Bond Infrastructure Fund, Inc.",DMB,US
"Dreyfus Strategic Municipal Bond Fund, Inc.",DSM,US
"Dreyfus Strategic Municipals, Inc.",LEO,US
"Dril-Quip, Inc.",DRQ,US
DST Systems Inc.,DST,US
DSW Inc.,DSW,US
DTE Energy Company,DTE,US
DTE Energy Company,DTQ,US
DTE Energy Company,DTZ,US
"DTF Tax-Free Income, Inc.",DTF,US
Ducommun Inc,DCO,US
Duff & Phelps Global Utility Income Fund Inc.,DPG,US
Duff & Phelps Utility & Corporate Bond Trust,DUC,US
Duke Energy Corporation,DUK,US
Duke Energy Corporation,DUKH,US
Duke Realty Corporation,DRE.PRK,US
Duke Realty Corporation,DRE.PRL,US
Duke Realty Investments Inc.,DRE,US
DuPont Fabros Technology,DFT,US
DuPont Fabros Technology,DFT.PRA,US
"DuPont Fabros Technology, Inc.",DFT.PRB,US
"DWS Global High Income Fund, Inc.",LBF,US
"DWS High Income Opportunities Fund, Inc.",DHG,US
DWS High Income Trust,KHI,US
DWS Multi-Market Income Trust,KMM,US
DWS Municipal Income Trust,KTF,US
DWS Strategic Income Trust,KST,US
DWS Strategic Municipal Income Trust,KSM,US
Dycom Industries Inc.,DY,US
"Dynegy, Inc.",DYN,US
"Dynegy, Inc.",DYN.WS,US
Dynex Capital Inc.,DX,US
Dynex Capital Inc.,DX.PRA,US
Dynex Capital Inc.,DX.PRB,US
E-Commerce China DangDang Inc.,DANG,China
E-House (China) Holdings Limited,EJ,China
E. I. du Pont de Nemours and Company (DuPont),DD,US
E. I. du Pont de Nemours and Company (DuPont),DD.PRA,US
E. I. du Pont de Nemours and Company (DuPont),DD.PRB,US
The E. W. Scripps Company,SSP,US
Eagle Materials Inc.,EXP,US
Eastgroup Properties Inc.,EGP,US
Eastman Chemical Co.,EMN,US
Eastman Kodak Company,KODK,US
Eastman Kodak Company,KODK.WS,US
Eastman Kodak Company,KODK.WS.A,US
Eaton Corporation plc,ETN,US
ECA Marcellus Trust I,ECT,US
Eclipse Resources Corporation,ECR,US
Ecolab Inc.,ECL,US
Ecopetrol S.A.,EC,Colombia
Edison International,EIX,US
"Education Realty Trust, Inc.",EDR,US
Edwards Lifesciences Corp,EW,US
El Paso Electric Co.,EE,US
El Paso Energy Capital Trust I,EP.PRC,US
"El Paso Pipeline Partners, L.P.",EPB,US
Eldorado Gold Corporation,EGO,Canada
Eli Lilly and Company,LLY,US
"Ellie Mae, Inc.",ELLI,US
Ellington Financial LLC,EFC,US
Ellington Residential Mortgage REIT,EARN,US
Embotelladora Andina S.A.,AKO.A,Chile
Embotelladora Andina S.A.,AKO.B,Chile
Embraer S.A.,ERJ,Brazil
"EMCOR Group, Inc.",EME,US
Emerge Energy Services LP,EMES,US
Emergent BioSolutions Inc.,EBS,US
Emeritus Corporation,ESC,US
Emerson Electric Co.,EMR,US
Empire District Electric Co.,EDE,US
"Empire State Realty Trust, Inc.",ESRT,US
"Employers Holdings, Inc.",EIG,US
Empresa Distribuidora y Comercializadora Norte S.A.,EDN,Argentina
Empresas ICA S.A. DE C.V.,ICA,Mexico
Emulex Corporation,ELX,US
"Enable Midstream Partners, LP",ENBL,US
"Enbridge, Inc.",ENB,Canada
"Enbridge Energy Management, L.L.C.",EEQ,US
"Enbridge Energy Partners, L.P.",EEP,US
Endeavour International Corporation,END,US
Endeavour Silver Corp.,EXK,Canada
Endesa Chile,EOC,Chile
Endurance Specialty Holdings Ltd.,ENH,Bermuda
Endurance Specialty Holdings Ltd.,ENH.PRA,Bermuda
Endurance Specialty Holdings Ltd.,ENH.PRB,Bermuda
Enduro Royalty Trust,NDRO,US
"Energizer Holdings, Inc.",ENR,US
Energy Transfer LP,ET,US
Enerplus Corporation,ERF,Canada
Enersis S.A.,ENI,Chile
EnerSys,ENS,US
ENI S.p.A.,E,Italy
"EnLink Midstream, LLC",ENLC,US
"EnLink Midstream Partners, LP",ENLK,US
"Ennis, Inc.",EBF,US
"EnPro Industries, Inc.",NPO,US
Entergy Corporation,ETR,US
"Entergy Arkansas, Inc.",EAA,US
"Entergy Arkansas, Inc.",EAB,US
"Entergy Arkansas, Inc.",EAE,US
"Entergy Louisiana, LLC",ELA,US
"Entergy Louisiana, LLC",ELB,US
"Entergy Louisiana, LLC",ELU,US
"Entergy Mississippi, Inc.",EFM,US
"Entergy Mississippi, Inc.",EMQ,US
"Entergy Mississippi, Inc.",EMZ,US
"Entergy New Orleans, Inc.",ENJ,US
"Entergy Texas, Inc.",EZT,US
Enterprise Products Partners L.P.,EPD,US
Entravision Communications Corporation,EVC,US
"Envestnet, Inc.",ENV,US
"Envision Healthcare Holdings, Inc.",EVHC,US
"Enzo Biochem, Inc.",ENZ,US
"EOG Resources, Inc.",EOG,US
EP Energy Corporation,EPE,US
"EPAM Systems, Inc.",EPAM,US
EPR Properties,EPR,US
EPR Properties,EPR.PRC,US
EPR Properties,EPR.PRE,US
EPR Properties,EPR.PRF,US
EQT Corporation,EQT,US
"EQT Midstream Partners, LP",EQM,US
Equifax Inc.,EFX,US
"Equity Lifestyle Properties, Inc.",ELS,US
"Equity Lifestyle Properties, Inc.",ELS.PRC,US
Equity Residential,EQR,US
"Equus Total Return, Inc.",EQS,US
Era Group Inc.,ERA,US
Eros International Plc,EROS,US
Esco Technologies Inc.,ESE,US
Essent Group Ltd.,ESNT,US
"Essex Property Trust, Inc.",ESS,US
"Essex Property Trust, Inc.",ESS.PRH,US
Estee Lauder Companies Inc.,EL,US
Esterline Technologies Corporation,ESL,US
Ethan Allen Interiors Inc.,ETH,US
"The European Equity Fund, Inc.",EEA,US
Everbank Financial Corp.,EVER,US
EverBank Financial Corp.,EVER.PRA,US
Evercore Partners Inc.,EVR,US
Everest Re Group Ltd.,RE,US
"Evertec, Inc.",EVTC,US
"Everyday Health, Inc.",EVDY,US
Evogene Ltd.,EVGN,US
"ExamWorks Group, Inc.",EXAM,US
Exar Corporation,EXAR,US
"Excel Trust, Inc.",EXL,US
"Excel Trust, Inc.",EXL.PRB,US
"EXCO Resources, Inc.",XCO,US
Exelis Inc.,XLS,US
Exelon Corporation,EXC,US
Exelon Corporation,EXCU,US
"Express, Inc.",EXPR,US
"Extended Stay America, Inc.",STAY,US
"Exterran Holdings, Inc.",EXH,US
"Extra Space Storage, Inc.",EXR,US
Exxon Mobil Corporation,XOM,US
Fabrinet,FN,Thailand
FactSet Research Systems Inc.,FDS,US
Fair Isaac Corporation,FICO,US
Family Dollar Stores Inc.,FDO,US
"Farfetch, Ltd.",FTCH,Portugal
FBL Financial Group Inc.,FFG,US
Federal Agricultural Mortgage Corporation,AGM,US
Federal Agricultural Mortgage Corporation,AGM.A,US
Federal Agricultural Mortgage Corporation,AGM.PRA,US
Federal Agricultural Mortgage Corporation,AGM.PRB,US
Federal Agricultural Mortgage Corporation,AGM.PRC,US
Federal Realty Investment Trust,FRT,US
Federal Signal Corporation,FSS,US
Federated Enhanced Treasury Income Fund,FTT,US
Federated Investors Inc.,FII,US
Federated Premier Intermediate Municipal Income Fund,FPT,US
Federated Premier Municipal Income Fund,FMN,US
FedEx Corporation,FDX,US
FelCor Lodging Trust,FCH,US
FelCor Lodging Trust Inc.,FCH.PRA,US
FelCor Lodging Trust Inc.,FCH.PRC,US
Ferrellgas Partners L.P,FGP,US
Ferro Corporation,FOE,US
Fibria Celulose S.A.,FBR,Brazil
Fidelity & Guaranty Life,FGL,US
Fidelity National Financial Inc.,FNF,US
"Fidelity National Information Services, Inc.",FIS,US
Fiduciary/Claymore MLP Opportunity Fund,FMO,US
Fifth Street Finance Corp.,FSCE,US
First Acceptance Corporation,FAC,US
First American Financial Corporation,FAF,US
First BanCorp,FBP,Puerto Rico
First Commonwealth Financial Corporation,FCF,US
First Horizon National Corporation,FHN,US
First Horizon National Corporation,FHN.PRA,US
"First Industrial Realty Trust, Inc.",FR,US
First Majestic Silver Corp.,AG,US
The First Marblehead Corporation,FMD,US
"First Niagara Financial Group, Inc.",FNFG.PRB,US
First Preferred Capital Trust IV,FBS.PRA,US
First Republic Bank,FRC,US
First Republic Bank,FRC.PRA,US
First Republic Bank,FRC.PRB,US
First Republic Bank,FRC.PRC,US
First Republic Bank,FRC.PRD,US
First Republic Bank,FRC.PRE,US
First Trust Dividend and Income Fund,FAV,US
First Trust Energy Infrastructure Fund,FIF,US
First Trust Enhanced Equity Income Fund,FFA,US
First Trust High Income Long/Short Fund,FSD,US
First Trust Intermediate Duration Preferred & Income Fund,FPF,US
First Trust MLP and Energy Income Fund,FEI,US
First Trust Mortgage Income Fund,FMY,US
First Trust New Opportunities MLP & Energy Fund,FPL,US
First Trust Senior Floating Rate Income Fund II,FCT,US
First Trust Strategic High Income Fund II,FHY,US
First Trust/Aberdeen Emerging Opportunity Fund,FEO,US
First Trust/Aberdeen Global Opportunity Income Fund,FAM,US
First Trust/Gallatin Specialty Finance and Financial Opportunities Fund,FGB,US
FirstEnergy Corp,FE,US
FirstMerit Corporation,FMER.PRA,US
Five Oaks Investment Corp.,OAKS,US
Five Oaks Investment Corp.,OAKS.PRA,US
"Five Star Quality Care, Inc.",FVE,US
"Fixed Income Trust For Goldman Sachs Subordinated Notes, Series 2011-1",TFG,US
"Flagstar Bancorp, Inc.",FBC,US
Flaherty & Crumrine Dynamic Preferred and Income Fund Incorporated,DFP,US
Flaherty & Crumrine Preferred Income Fund Incorporated,PFD,US
Flaherty & Crumrine Preferred Income Opportunity Fund Incorporated,PFO,US
Flaherty & Crumrine Preferred Securities Income Fund Incorporated,FFC,US
Flaherty & Crumrine Total Return Fund Incorporated,FLC,US
"Fleetcor Technologies, Inc.",FLT,US
Fleetmatics Group PLC,FLTX,US
"Flotek Industries, Inc.",FTK,US
"Flowers Foods, Inc.",FLO,US
Flowserve Corporation,FLS,US
Fluor Corporation,FLR,US
Fly Leasing Limited,FLY,Ireland
FMC Corporation,FMC,US
"FMC Technologies, Inc.",FTI,US
F.N.B. Corporation,FNB,US
F.N.B. Corporation,FNB.PRE,US
"Fomento Economico Mexicano, S.A.B. De C.V.",FMX,Mexico
"Foot Locker, Inc.",FL,US
Ford Motor Company,F,US
Foresight Energy Partners LP,FELP,US
"Forest City Enterprises, Inc.",FCE.A,US
"Forest City Enterprises, Inc.",FCE.B,US
Forest Oil Corporation,FST,US
Forestar Group Inc.,FOR,US
"Fort Dearborn Income Securities, Inc.",FDI,US
Fortegra Financial Corporation,FRF,US
Fortress Investment Group LLC,FIG,US
Fortuna Silver Mines Inc.,FSM,US
"Fortune Brands Home & Security, Inc.",FBHS,US
"Forum Energy Technologies, Inc.",FET,US
Franco-Nevada Corporation,FNV,US
Franklin Covey Company,FC,US
Franklin Resources Inc.,BEN,US
Franklin Universal Trust,FT,US
Frank's International N.V.,FI,US
Freeport-McMoRan Inc.,FCX,US
"Freescale Semiconductor, Ltd.",FSL,US
Fresenius Medical Care AG & Co. KGAA,FMS,Germany
Fresh Del Monte Produce Inc.,FDP,Cayman Islands
Frontline Ltd.,FRO,Bermuda
FS KKR Capital Corp.,FSK,US
"FTI Consulting, Inc.",FCN,US
Furmanite Corporation,FRM,US
"Fusion-io, Inc.",FIO,US
FutureFuel Corp.,FF,US
FXCM Inc.,FXCM,US
"The Gabelli Convertible and Income Securities Fund, Inc.",GCV,US
"The Gabelli Convertible and Income Securities Fund, Inc.",GCV.PRB,US
The Gabelli Dividend & Income Trust,GDV,US
The Gabelli Dividend & Income Trust,GDV.PRA,US
The Gabelli Dividend & Income Trust,GDV.PRD,US
The Gabelli Equity Trust Inc.,GAB,US
The Gabelli Equity Trust Inc.,GAB.PRD,US
The Gabelli Equity Trust Inc.,GAB.PRG,US
The Gabelli Equity Trust Inc.,GAB.PRH,US
The Gabelli Global Small and Mid Cap Value Trust,GGZ,US
The Gabelli Healthcare & Wellness Rx Trust,GRX,US
The Gabelli Healthcare & Wellness Rx Trust,GRX.PRA,US
The Gabelli Multimedia Trust Inc.,GGT,US
The Gabelli Multimedia Trust Inc.,GGT.PRB,US
The Gabelli Utility Trust,GUT,US
The Gabelli Utility Trust,GUT.PRA,US
Gafisa S.A.,GFA,Brazil
"GAIN Capital Holdings, Inc.",GCAP,US
"Gamco Investors, Inc.",GBL,US
"GAMCO Natural Resources, Gold & Income Trust",GNT,US
GameStop Corp.,GME,US
"Gannett Co., Inc.",GCI,US
"The Gap, Inc.",GPS,US
Gartner Inc.,IT,US
GasLog Ltd.,GLOG,US
GasLog Partners LP,GLOP,Marshall Islands
Gatx Corporation,GMT,US
Gazit-Globe Ltd.,GZT,Israel
The GDL Fund,GDL,US
The GDL Fund,GDL.PRB,US
Gencorp Inc,GY,US
Generac Holdings Inc.,GNRC,US
"General American Investors Company, Inc.",GAM,US
"General American Investors Company, Inc.",GAM.PRB,US
General Cable Corporation,BGC,US
General Dynamics Corporation,GD,US
General Electric Company,GE,US
General Electric Capital Company,GEB,US
General Electric Capital Corporation,GEH,US
General Electric Capital Corporation,GEK,US
"General Mills, Inc.",GIS,US
General Motors Company,GM,US
General Motors Company,GM.WS.A,US
General Motors Company,GM.WS.B,US
General Motors Company,GM.WS.C,US
"General Steel Holdings, Inc.",GSI,China
Genesco Inc.,GCO,US
"Genesee & Wyoming, Inc.",GWR,US
"Genesee & Wyoming, Inc.",GWRU,US
"Genesis Energy, L.P.",GEL,US
Genie Energy Ltd.,GNE,US
Genie Energy Ltd.,GNE.PRA,US
Genpact Limited,G,India
Genuine Parts Company,GPC,US
"Genworth Financial, Inc.",GNW,US
"Geo Group, Inc.",GEO,US
GeoPark Limited,GPRK,US
Georgia Power Company,GPE.PRA,US
Gerdau S.A.,GGB,Brazil
Getty Realty Corp.,GTY,US
GFI Group Inc.,GFIG,US
Gigamon Inc.,GIMO,US
Gildan Activewear Inc.,GIL,Canada
Glatfelter,GLT,US
GlaxoSmithKline,GSK,United Kingdom
Glimcher Realty Trust,GRT,US
Glimcher Realty Trust,GRT.PRG,US
Glimcher Realty Trust,GRT.PRH,US
Glimcher Realty Trust,GRT.PRI,US
"Global Brass and Copper Holdings, Inc.",BRSS,US
Global Cash Access Holdings,GCA,US
"Global High Income Fund, Inc.",GHI,US
Global Partners LP,GLP,US
Global Payments Inc.,GPN,US
"Global Power Equipment Group, Inc.",GLPW,US
"Global Ship Lease, Inc",GSL,United Kingdom
"Globus Medical, Inc.",GMED,US
GMAC Capital Trust I,ALLY.PRA,US
"GNC Holdings, Inc.",GNC,US
GOL Linhas Aéreas Inteligentes S.A.,GOL,Brazil
Gold Fields Limited,GFI,South Africa
Goldcorp Inc.,GG,Canada
Goldman Sachs Group Inc.,GS,US
Goldman Sachs Group Inc.,GSF,US
Goldman Sachs Group Inc.,GSJ,US
Goldman Sachs Group Inc.,GS.PRA,US
Goldman Sachs Group Inc.,GS.PRB,US
Goldman Sachs Group Inc.,GS.PRC,US
Goldman Sachs Group Inc.,GS.PRD,US
Goldman Sachs Group Inc.,GS.PRI,US
Goldman Sachs Group Inc.,GS.PRJ,US
Goldman Sachs Group Inc.,GS.PRK,US
Goldman Sachs MLP Income Opportunities Fund,GMZ,US
Goodrich Petroleum Corporation,GDP,US
Goodrich Petroleum Corporation,GDP.PRC,US
Goodrich Petroleum Corporation,GDP.PRD,US
Government Properties Income Trust,GOV,US
The Governor and Company of the Bank of Ireland,IRE,Ireland
GP Strategies Corporation,GPX,US
Graco Inc.,GGG,US
"Graftech International, Ltd.",GTI,US
Graham Corporation,GHM,US
Graham Holdings Company,GHC,US
Gramercy Property Trust Inc.,GPT,US
Gramercy Property Trust Inc.,GPT.PRA,US
"Granite Construction, Inc.",GVA,US
Granite Real Estate Investment Trust,GRP.U,Canada
Graphic Packaging Holding Company,GPK,US
"Gray Television, Inc.",GTN,US
"Gray Television, Inc.",GTN.A,US
Graña y Montero S.A.A.,GRAM,US
Great Northern Iron Ore Properties,GNI,US
Great Plains Energy Inc.,GXP,US
Great Plains Energy Inc.,GXP.PRA,US
Great Plains Energy Inc.,GXP.PRD,US
Great Plains Energy Inc.,GXP.PRE,US
"Greatbatch, Inc.",GB,US
Green Dot Corporation,GDOT,US
"The Greenbrier Companies, Inc.",GBX,US
"Greenhill & Co., Inc.",GHL,US
"Greif, Inc.",GEF,US
"Greif, Inc.",GEF.B,US
Griffon Corporation,GFF,US
Group 1 Automotive Inc.,GPI,US
GrubHub Inc.,GRUB,US
"GRUMA, S.A.B. de C.V.",GMK,Mexico
"Grupo Aeroportuario del Pacifico, S.A.B de C.V.",PAC,Mexico
"Grupo Aeroportuario del Sureste, S.A.B. de C.V.",ASR,Mexico
"Grupo Financiero Santander Mexico, S.A.B. de C.V.",BSMX,Mexico
"Grupo Televisa, S.A.",TV,Mexico
"Guangshen Railway Co., Ltd.",GSH,China
"Guess?, Inc.",GES,US
Guggenheim Build America Bonds Managed Duration Trust,GBAB,US
Guggenheim Credit Allocation Fund,GGM,US
Guggenheim Enhanced Equity Income Fund,GPM,US
Guggenheim Enhanced Equity Strategy Fund,GGE,US
Guggenheim Equal Weight Enhanced Equity Income Fund,GEQ,US
Guggenheim Strategic Opportunities Fund Common Shares,GOF,US
"Guidewire Software, Inc.",GWRE,US
Gulf Power Company,GUA,US
"GulfMark Offshore, Inc.",GLF,US
H & Q Life Sciences Investors,HQL,US
H&Q Healthcare Investors,HQH,US
H&R Block Inc.,HRB,US
Haemonetics Corp,HAE,US
Halcón Resources Corporation,HK,US
Halliburton Company,HAL,US
Hanesbrands Inc.,HBI,US
"Hanger, Inc.",HGR,US
Hannon Armstrong Sustainable Infrastructure Capital Inc,HASI,US
The Hanover Insurance Group,THG,US
The Hanover Insurance Group,THGA,US
Harbinger Group Inc.,HRG,US
"Harley-Davidson, Inc.",HOG,US
Harman International Ind. Inc.,HAR,US
Harmony Gold Mining Company Limited,HMY,South Africa
Harris Corporation,HRS,US
Harsco Corporation,HSC,US
Harte Hanks Inc.,HHS,US
Hartford Financial Services Group Inc.,HIG,US
Hartford Financial Services Group Inc.,HGH,US
Hartford Financial Services Group Inc.,HIG.WS,US
"Harvest Natural Resources, Inc.",HNR,US
Hatteras Financial Corp.,HTS,US
Hatteras Financial Corp.,HTS.PRA,US
Haverty Furniture Companies Inc.,HVT,US
Haverty Furniture Companies Inc.,HVT.A,US
Hawaiian Electric Industries Inc.,HE,US
H.B. Fuller Company,FUL,US
"HCA Holdings, Inc.",HCA,US
"HCC Insurance Holdings, Inc.",HCC,US
"HCI Group, Inc.",HCI,US
"HCI Group, Inc.",HCJ,US
"HCP, Inc.",HCP,US
HDFC Bank Limited,HDB,India
Headwaters Incorporated,HW,US
"Health Care REIT, Inc.",HCN,US
"Health Care REIT, Inc.",HCN.PRI,US
"Health Care REIT, Inc.",HCN.PRJ,US
"Health Net, Inc.",HNT,US
Healthcare Realty Trust Inc.,HR,US
"Healthcare Trust of America, Inc.",HTA,US
HealthSouth Corporation,HLS,US
"Heartland Payment Systems, Inc.",HPY,US
Hecla Mining Co.,HL,US
Hecla Mining Co.,HL.PRB,US
HECO Capital Trust III,HE.PRU,US
HEICO Corporation,HEI,US
HEICO Corporation,HEI.A,US
"Helios Advantage Income Fund, Inc.",HAV,US
"Helios High Income Fund, Inc.",HIH,US
"Helios Multi-Sector High Income Fund, Inc.",HMH,US
"Helios Strategic Income Fund, Inc.",HSA,US
"Helix Energy Solutions Group, Inc.",HLX,US
Helmerich & Payne Inc.,HP,US
Herbalife Ltd.,HLF,Cayman Islands
"Hercules Technology Growth Capital, Inc.",HTGC,US
"Hercules Technology Growth Capital, Inc.",HTGX,US
"Hercules Technology Growth Capital, Inc.",HTGY,US
"Hercules Technology Growth Capital, Inc.",HTGZ,US
"Heritage Insurance Holdings, LLC",HRTG,US
Hersha Hospitality Trust,HT,US
Hersha Hospitality Trust,HT.PRB,US
Hersha Hospitality Trust,HT.PRC,US
The Hershey Company,HSY,US
"Hertz Global Holdings, Inc.",HTZ,US
Hess Corporation,HES,US
Hewlett Packard Co.,HPQ,US
Hexcel Corporation,HXL,US
Hi-Crush Partners LP,HCLP,US
High Income Opportunities Fund,IVH,US
"Higher One Holdings, Inc.",ONE,US
Highwoods Properties Inc.,HIW,US
"Hill International, Inc.",HIL,US
Hillrom,HRC,US
"Hillenbrand, Inc.",HI,US
Hillshire Brands Company,HSH,US
Hilltop Holdings Inc.,HTH,US
Hilton Worldwide Holdings Inc.,HLT,US
HNI Corporation,HNI,US
"Holly Energy Partners, L.P.",HEP,US
HollyFrontier Corporation,HFC,US
"Home Depot, Inc.",HD,US
"Honda Motor Co., Ltd.",HMC,Japan
"Honeywell International, Inc.",HON,US
Horace Mann Educators Corporation,HMN,US
Horizon Technology Finance Corporation,HTF,US
Hormel Foods Corporation,HRL,US
"Hornbeck Offshore Services, Inc.",HOS,US
"Hospira, Inc.",HSP,US
Hospitality Properties Trust,HPT,US
Hospitality Properties Trust,HPT.PRD,US
"Host Hotels & Resorts, Inc.",HST,US
"Hovnanian Enterprises, Inc.",HOV,US
The Howard Hughes Corporation,HHC,US
HSBC Finance Corporation,HSFC.PRB,US
HSBC Holdings plc,HSBC,United Kingdom
HSBC Holdings plc,HSBC.PRA,United Kingdom
HSBC Holdings plc,HSEA,United Kingdom
HSBC Holdings plc,HSEB,United Kingdom
"HSBC USA, Inc.",HUSI.PRD,US
"HSBC USA, Inc.",HUSI.PRF,US
"HSBC USA, Inc.",HUSI.PRG,US
"HSBC USA, Inc.",HUSI.PRH,US
"HSBC USA, Inc.",HUSI.PRZ,United Kingdom
"Huaneng Power International, Inc.",HNP,China
Hubbell Inc.,HUB.A,US
Hubbell Inc.,HUB.B,US
HudBay Minerals Inc.,HBM,Canada
"Hudson Pacific Properties, Inc.",HPP,US
"Hudson Pacific Properties, Inc.",HPP.PRB,US
Hudson Valley Holding Corp.,HVB,US
Hugoton Royalty Trust,HGT,US
Humana Inc.,HUM,US
"Huntington Ingalls Industries, Inc.",HII,US
Huntsman Corporation,HUN,US
Hyatt Hotels Corporation,H,US
Hyperdynamics Corporation,HDY,US
"Hyster-Yale Materials Handling, Inc.",HY,US
Iamgold Corporation,IAG,Canada
ICICI Bank Ltd.,IBN,India
Idacorp Inc.,IDA,US
IDEX Corporation,IEX,US
IDT Corporation,IDT,US
IFM Investments Limited,CTC,China
IHS Inc.,IHS,US
Illinois Tool Works Inc.,ITW,US
Imation Corporation,IMN,US
IMAX Corporation,IMAX,Canada
"Imperial Holdings, Inc.",IFT,US
"Imperva, Inc.",IMPV,US
Independence Holding Company,IHC,US
"India Fund, Inc.",IFN,US
"Industrias Bachoco, S.A.B. de C.V.",IBA,Mexico
Infoblox Inc.,BLOX,US
Infosys Limited,INFY,US
ING Groep N.V.,ING,Netherlands
ING Groep N.V.,IDG,Netherlands
ING Groep N.V.,IND,Netherlands
ING Groep N.V.,INZ,Netherlands
ING Groep N.V.,ISF,Netherlands
ING Groep N.V.,ISG,Netherlands
ING Groep N.V.,ISP,Netherlands
Ingersoll-Rand plc,IR,US
Ingram Micro Inc.,IM,US
Ingredion Incorporated,INGR,US
Inland Real Estate Corporation,IRC,US
Inland Real Estate Corporation,IRC.PRA,US
Inphi Corporation,IPHI,US
"Insperity, Inc.",NSP,US
"Installed Building Products, Inc.",IBP,US
"Integrys Energy Group, Inc.",IEH,US
"Integrys Energy Group, Inc.",TEG,US
Intelsat S.A.,I,US
Intelsat S.A.,I.PRA,US
"Intercontinental Exchange, Inc.",ICE,US
InterContinental Hotels Group PLC,IHG,United Kingdom
International Business Machines Corporation,IBM,US
International Flavors & Fragrances Inc.,IFF,US
International Game Technology,IGT,US
International Paper Co.,IP,US
International Rectifier Corporation,IRF,US
International Shipholding Corporation,ISH,US
International Shipholding Corporation,ISH.PRA,US
International Shipholding Corporation,ISH.PRB,US
InterOil Corporation,IOC,Papua New Guinea
The Interpublic Group of Companies Inc.,IPG,US
Interstate Power and Light Company,IPL.PRD,US
InterXion Holding N.V.,INXN,US
"IntraLinks Holdings, Inc.",IL,US
"Intrawest Resorts Holdings, Inc.",SNOW,US
"Intrepid Potash, Inc.",IPI,US
Intrexon Corporation,XON,US
Invacare Corporation,IVC,US
"InvenSense, Inc.",INVN,US
Invesco Ltd.,IVZ,Bermuda
Invesco Bond Fund,VBF,US
Invesco California Value Municipal Income Trust,VCV,US
Invesco Credit Dynamic Opportunities Fund,VTA,US
Invesco High Income Trust II,VLT,US
Invesco Mortgage Capital Inc.,IVR,US
Invesco Mortgage Capital Inc.,IVR.PRA,US
Invesco Municipal Income Opportunities Trust,OIA,US
Invesco Municipal Opportunity Trust,VMO,US
Invesco Municipal Trust,VKQ,US
Invesco Pennsylvania Value Municipal Income Trust,VPV,US
Invesco Quality Municipal Income Trust,IQI,US
Invesco Senior Income Trust,VVR,US
Invesco Trust for Investment Grade Municipals,VGM,US
Invesco Trust For Investment Grade New York Municipals,VTN,US
Invesco Value Municipal Income Trust,IIM,US
Investment Technology Group Inc.,ITG,US
Investors Real Estate Trust,IRET,US
Investors Real Estate Trust,IRET.PR,US
Investors Real Estate Trust,IRET.PRB,US
Invitae Corp.,NVTA,US
Ion Geophysical Corporation,IO,US
Iron Mountain Inc.,IRM,US
IRSA Inversiones Y Representaciones S.A.,IRS,Argentina
iSoftStone Holdings Limited,ISS,US
iStar Financial Inc.,STAR,US
iStar Financial Inc.,STAR.PRD,US
iStar Financial Inc.,STAR.PRE,US
iStar Financial Inc.,STAR.PRF,US
iStar Financial Inc.,STAR.PRG,US
iStar Financial Inc.,STAR.PRI,US
Itau Unibanco Holding S.A.,ITUB,Brazil
ITC Holdings Corp.,ITC,US
ITT Corporation,ITT,US
ITT Educational Services Inc.,ESI,US
J. M. Smucker Company,SJM,US
Jabil Circuit Inc.,JBL,US
Jacobs Engineering Group Inc.,JEC,US
James Hardie Industries plc,JHX,Australia
Janus Capital Group Inc.,JNS,US
"Japan Smaller Capitalization Fund, Inc.",JOF,US
Jarden Corporation,JAH,US
Javelin Mortgage Investment Corp.,JMI,US
J.C. Penney Company Inc.,JCP,US
JGWPT Holdings Inc.,JGW,US
"JinkoSolar Holding Co., Ltd.",JKS,Cayman Islands
JMP Group Inc.,JMP,US
JMP Group Inc.,JMPB,US
JMP Group Inc.,JMPC,US
John Bean Technologies Corporation,JBT,US
John Hancock Financial Opportunities Fund,BTO,US
John Hancock Hedged Equity & Income Fund,HEQ,US
John Hancock Income Securities Trust,JHS,US
John Hancock Investors Trust,JHI,US
John Hancock Preferred Income Fund II,HPF,US
John Hancock Preferred Income Fund,HPI,US
John Hancock Preferred Income Fund III,HPS,US
John Hancock Premium Dividend Fund,PDT,US
John Hancock Tax- Advantaged Dividend Income,HTD,US
John Hancock Tax-Advantaged Global Shareholder Yield Fund,HTY,US
"John Wiley & Sons, Inc.",JW.A,US
Johnson & Johnson,JNJ,US
"Johnson Controls, Inc.",JCI,US
"Jones Energy, Inc.",JONE,US
Jones Lang Lasalle Inc.,JLL,US
"Journal Communications, Inc.",JRN,US
JPMorgan Chase & Co.,JPM,US
JPMorgan Chase & Co.,JPM.PRA,US
JPMorgan Chase & Co.,JPM.PRB,US
JPMorgan Chase & Co.,JPM.PRD,US
JPMorgan Chase & Co.,JPM.PRE,US
JPMorgan Chase & Co.,JPM.WS,US
JPMorgan Chase Capital XXIX,JPM.PRC,US
"JPMorgan China Region Fund, Inc.",JFC,US
Jumei International Holding Limited,JMEI,China
Juniper Networks,JNPR,US
Just Energy Group Inc.,JE,US
K12 Inc.,LRN,US
Kadant Inc.,KAI,US
Kaman Corporation,KAMN,US
Kansas City Southern,KSU,US
Kansas City Southn Inds Inc,KSU.PR,US
KapStone Paper and Packaging Corporation,KS,US
KAR Auction Services,KAR,US
Kate Spade & Company,KATE,US
Kayne Anderson Energy Development Company,KED,US
"Kayne Anderson Energy Total Return Fund, Inc.",KYE,US
"Kayne Anderson Midstream/Energy Fund, Inc.",KMF,US
Kayne Anderson MLP Investment Company,KYN,US
Kayne Anderson MLP Investment Company,KYN.PRE,US
Kayne Anderson MLP Investment Company,KYN.PRF,US
Kayne Anderson MLP Investment Company,KYN.PRG,US
KB Financial Group Inc.,KB,South Korea
KB Home,KBH,US
"KBR, Inc.",KBR,US
"KCAP Financial, Inc.",KAP,US
"KCG Holdings, Inc.",KCG,US
Kellogg Company,K,US
KEMET Corporation,KEM,US
Kemper Corporation,KMPA,US
Kemper Corporation,KMPR,US
Kennametal Inc.,KMT,US
"Kennedy-Wilson Holdings, Inc.",KW,US
"Kennedy-Wilson Holdings, Inc.",KWN,US
"Key Energy Services, Inc.",KEG,US
KeyCorp,KEY,US
KeyCorp,KEY.PRG,US
Kilroy Realty Corporation,KRC,US
Kilroy Realty Corporation,KRC.PRG,US
Kilroy Realty Corporation,KRC.PRH,US
Kimberly-Clark Corporation,KMB,US
Kimco Realty Corporation,KIM,US
Kimco Realty Corporation,KIM.PRH,US
Kimco Realty Corporation,KIM.PRI,US
Kimco Realty Corporation,KIM.PRJ,US
Kimco Realty Corporation,KIM.PRK,US
"Kinder Morgan, Inc.",KMI,US
"Kinder Morgan, Inc.",KMI.WS,US
Kinder Morgan Energy Partners L.P,KMP,US
"Kinder Morgan Management, LLC",KMR,US
"Kindred Healthcare, Inc.",KND,US
King,KING,Ireland
Kingsway Financial Services Inc.,KFS,Canada
Kinross Gold Corporation,KGC,Canada
Kirby Corporation,KEX,US
Kite Realty Group Trust,KRG,US
Kite Realty Group Trust,KRG.PRA,US
KKR & Co. L.P.,KKR,US
KKR Financial Holdings LLC,KFH,US
KKR Financial Holdings LLC,KFI,US
KKR Financial Holdings LLC,KFN.PR,US
KKR Income Opportunities Fund,KIO,US
"KMG Chemicals, Inc.",KMG,US
"Knight Transportation, Inc.",KNX,US
"Knoll, Inc.",KNL,US
KNOT Offshore Partners LP,KNOP,US
Knowles Corporation,KN,US
Kohls Corporation,KSS,US
Konami Corporation,KNM,Japan
Koninklijke Philips N.V.,PHG,Netherlands
Koppers Holdings Inc.,KOP,US
Korea Electric Power Corporation,KEP,South Korea
"Korea Equity Fund, Inc.",KEF,US
"The Korea Fund, Inc.",KF,US
Korn Ferry International,KFY,US
Kosmos Energy Ltd.,KOS,US
"Kraton Performance Polymers, Inc.",KRA,US
"Krispy Kreme Doughnuts, Inc.",KKD,US
Kroger Co.,KR,US
"KRONOS Worldwide, Inc.",KRO,US
KT Corporation,KT,South Korea
Kyocera Corporation,KYO,Japan
"L-3 Communications Holdings, Inc.",LLL,US
"L Brands, Inc.",LB,US
La Quinta Holdings Inc.,LQ,US
La-Z-Boy Incorporated,LZB,US
Laboratory Corporation of America Holdings,LH,US
"Laclede Group, Inc.",LG,US
Ladder Capital Corp,LADR,US
"Landauer, Inc.",LDR,US
"Lannett Company, Inc",LCI,US
"Laredo Petroleum, Inc.",LPI,US
Las Vegas Sands Corp.,LVS,US
LaSalle Hotel Properties,LHO,US
LaSalle Hotel Properties,LHO.PRH,US
LaSalle Hotel Properties,LHO.PRI,US
LATAM Airlines Group S.A.,LFL,Chile
"The Latin American Discovery Fund, Inc.",LDF,US
Lazard Ltd,LAZ,US
"Lazard Global Total Return and Income Fund, Inc.",LGI,US
"Lazard World Dividend & Income Fund, Inc.",LOR,US
LeapFrog Enterprises Inc.,LF,US
Lear Corporation,LEA,US
"Lee Enterprises, Incorporated",LEE,US
Legg Mason Inc.,LM,US
Legg Mason BW Global Income Opportunities Fund Inc.,BWG,US
Leggett & Platt Inc.,LEG,US
Lehigh Gas Partners LP,LGP,US
Lehman ABS Corporation,CVB,US
Lehman ABS Corporation,JBJ,US
Lehman ABS Corporation,JBK,US
Lehman ABS Corporation,JZJ,US
Lehman ABS Corporation,XVG,US
Lehman Corporate Backed Trust Certificates,CWZ,US
Lehman Corporate Backed Trust Certificates,XKE,US
"Leidos Holdings, Inc.",LDOS,US
Leju Holdings Limited,LEJU,China
Lennar Corporation,LEN,US
Lennar Corporation,LEN.B,US
Lennox International Inc.,LII,US
Lentuo International Inc.,LAS,China
Leucadia National Corporation,LUK,US
"Level 3 Communications, Inc.",LVLT,US
Lexington Realty Trust,LXP,US
Lexington Realty Trust,LXP.PRC,US
"Lexmark International, Inc.",LXK,US
"LG Display Co., Ltd.",LPL,South Korea
Liberty All-Star Equity Fund,USA,US
"Liberty All-Star Growth Fund, Inc.",ASG,US
Liberty Property Trust,LPT,US
"Life Time Fitness, Inc.",LTM,US
"LifeLock, Inc.",LOCK,US
LIN Media LLC,LIN,US
Lincoln National Corporation,LNC,US
Lincoln National Corporation,LNC.WS,US
Lindsay Corporation,LNN,US
Lions Gate Entertainment Corp.,LGF,Canada
"Lithia Motors, Inc.",LAD,US
"Live Nation Entertainment, Inc.",LYV,US
Lloyds Banking Group plc,LYG,United Kingdom
Lloyds Banking Group plc,LYG.PRA,United Kingdom
LMP Capital and Income Fund Inc.,SCD,US
LMP Corporate Loan Fund Inc.,TLI,US
LMP Real Estate Income Fund Inc.,RIT,US
Lockheed Martin,LMT,US
Loews Corporation,L,US
"Lorillard, Inc.",LO,US
Louisiana-Pacific Corporation,LPX,US
"Lowe's Companies, Inc.",LOW,US
"LRR Energy, L.P.",LRE,US
"LSB Industries, Inc.",LXU,US
LTC Properties Inc.,LTC,US
"Luby's, Inc.",LUB,US
"Lumber Liquidators Holdings, Inc.",LL,US
Luxfer Holdings PLC,LXFR,United Kingdom
Luxottica Group S.p.A.,LUX,Italy
"Lydall, Inc.",LDL,US
LyondellBasell Industries N.V.,LYB,US
M&T Bank Corporation,MTB,US
M&T Bank Corporation,MTB.PR,US
M&T Bank Corporation,MTB.PRC,US
M&T Bank Corporation,MTB.WS,US
"M/I Homes, Inc.",MHO,US
"M/I Homes, Inc.",MHO.PRA,US
Macerich Co.,MAC,US
Mack Cali Realty Corporation,CLI,US
Macquarie Global Infrastructure Total Return Fund Inc.,MGU,US
Macquarie Infrastructure Company LLC,MIC,US
Macquarie/First Trust Global Infrastructure/Utilities Dividend & Income Fund,MFD,US
Macy's Inc.,M,US
Madison Covered Call & Equity Strategy Fund,MCN,US
Madison Strategic Sector Premium Fund,MSP,US
"Magellan Midstream Partners, L.P.",MMP,US
Magna International Inc.,MGA,Canada
MagnaChip Semiconductor Corporation,MX,US
Magnum Hunter Resources Corporation,MHR,US
"Maiden Holdings, Ltd.",MH.PRA,Bermuda
"Maiden Holdings North America, Ltd.",MHNA,Bermuda
"Maiden Holdings North America, Ltd.",MHNB,US
"Maiden Holdings North America, Ltd.",MHNC,US
Main Street Capital Corporation,MAIN,US
Main Street Capital Corporation,MSCA,US
MainStay Defined Term Municipal Opportunities Fund,MMD,US
Mallinckrodt Public Limited Company,MNK,US
Managed Duration Investment Grade Municipal Fund,MZF,US
Managed High Yield Plus Fund Inc.,HYF,US
Manchester United plc,MANU,United Kingdom
"Manitowoc Company, Inc.",MTW,US
"Manning & Napier, Inc.",MN,US
ManpowerGroup,MAN,US
Manulife Financial Corporation,MFC,Canada
Marathon Oil Corporation,MRO,US
Marathon Petroleum Corporation,MPC,US
Marcus Corporation,MCS,US
"Marcus & Millichap, Inc.",MMI,US
Marin Software Incorporated,MRIN,US
Marine Harvest ASA,MHG,US
Marine Products Corporation,MPX,US
Marinemax Inc.,HZO,US
Markel Corporation,MKL,US
"MarkWest Energy Partners, L.P.",MWE,US
Marriott Vacations Worldwide Corporation,VAC,US
Marsh & McLennan Companies Inc.,MMC,US
"Martha Stewart Living Omnimedia, Inc.",MSO,US
Martin Marietta Materials Inc.,MLM,US
Masco Corporation,MAS,US
Masonite International Corporation,DOOR,US
"MasTec, Inc.",MTZ,US
MasterCard Incorporated,MA,US
Matador Resources Company,MTDR,US
Materion Corporation,MTRN,US
"Matson, Inc..",MATX,US
"Maui Land & Pineapple Company, Inc.",MLP,US
"Mavenir Systems, Inc.",MVNR,US
Maxcom Telecomunicaciones S.A.B. de C.V.,MXT,Mexico
"MAXIMUS, Inc.",MMS,US
"MaxLinear, Inc.",MXL,US
MBIA Inc.,MBI,US
The McClatchy Company,MNI,US
"McCormick & Company, Inc.",MKC,US
"McCormick & Company, Inc.",MKC.V,US
"McDermott International, Inc.",MDR,US
McDonald's Corporation,MCD,US
McEwen Mining Inc.,MUX,US
"McGraw Hill Financial, Inc.",MHFI,US
McKesson Corporation,MCK,US
"M.D.C. Holdings, Inc.",MDC,US
"MDU Resources Group, Inc.",MDU,US
Mead Johnson Nutrition Company,MJN,US
Meadowbrook Insurance Group Inc.,MIG,US
MeadWestvaco Corporation,MWV,US
Mechel OAO,MTL,Russia
Mechel OAO,MTL.PR,Russia
Media General,MEG,US
"Medical Properties Trust, Inc.",MPW,US
"Medifast, Inc.",MED,US
Medley Capital Corporation,MCC,US
Medley Capital Corporation,MCQ,US
Medley Capital Corporation,MCV,US
"Mednax, Inc.",MD,US
Medtronic Inc.,MDT,US
Men's Wearhouse Inc.,MW,US
Merck & Co Inc.,MRK,US
Mercury General Corporation,MCY,US
Meredith Corporation,MDP,US
Meritage Homes Corporation,MTH,US
"Meritor, Inc.",MTOR,US
Merrill Lynch Capital Trust I,MER.PRK,US
Merrill Lynch Capital Trust II,MER.PRM,US
Merrill Lynch Capital Trust III,MER.PRP,US
"Merrill Lynch Depositor, Inc.",PIY,US
"Merrill Lynch Depositor, Inc.",PJL,US
"Merrill Lynch Depositor, Inc.",PJS,US
"Merrill Lynch Depositor, Inc.",PYB,US
"Merrill Lynch Depositor, Inc.",PYS,US
"Merrill Lynch Depositor, Inc.",PYT,US
"Merrill Lynch Depositor, Inc.",PZB,US
Merrill Lynch Preferred Capital Trust III,MER.PRD,US
Merrill Lynch Preferred Capital Trust IV,MER.PRE,US
Merrill Lynch Preferred Capital Trust IV,MER.PRF,US
Mesa Royalty Trust,MTR,US
Mesabi Trust,MSB,US
"Methode Electronics, Inc.",MEI,US
"MetLife, Inc.",MET,US
"MetLife, Inc.",MET.PRA,US
"MetLife, Inc.",MET.PRB,US
"MetLife, Inc.",MLU,US
Mettler Toledo International Inc.,MTD,Switzerland
"The Mexico Equity And Income Fund, Inc.",MXE,US
"The Mexico Fund, Inc.",MXF,Mexico
"MFA Financial, Inc.",MFA,US
"MFA Financial, Inc.",MFA.PRB,US
"MFA Financial, Inc.",MFO,US
MFC Industrial Ltd.,MIL,Canada
MFS Charter Income Trust,MCR,US
MFS Government Markets Income Trust,MGF,US
MFS High Income Municipal Trust,CXE,US
MFS High Yield Municipal Trust,CMU,US
MFS Intermarket Income Trust I,CMK,US
MFS Intermediate High Income Fund,CIF,US
MFS Intermediate Income Trust,MIN,US
MFS Investment Grade Municipal Trust,CXH,US
MFS Multimarket Income Trust,MMT,US
MFS Municipal Income Trust,MFM,US
MFS Special Value Trust,MFV,US
MGIC Investment Corporation,MTG,US
MGM Resorts International,MGM,US
Michael Kors Holdings Limited,KORS,US
Mid America Apartment Communities Inc.,MAA,US
"Midcoast Energy Partners, L.P.",MEP,US
"Midstates Petroleum Company, Inc.",MPO,US
"Millennial Media, Inc.",MM,US
"Miller Energy Resources, Inc.",MILL,US
"Miller Energy Resources, Inc.",MILL.PRC,US
"Miller Energy Resources, Inc.",MILL.PRD,US
Miller Industries Inc.,MLR,US
Mindray Medical International Limited,MR,China
Minerals Technologies Inc.,MTX,US
Mississippi Power Company,MP.PRD,US
"MISTRAS Group, Inc.",MG,US
MiX Telematics Limited,MIXT,South Africa
"Mizuho Financial Group, Inc.",MFG,Japan
Mobile TeleSystems,MBT,Russia
"Model N, Inc.",MODN,US
Modine Manufacturing Company,MOD,US
Moelis & Company,MC,US
Mohawk Industries Inc.,MHK,US
"Molina Healthcare, Inc.",MOH,US
Molson Coors Brewing Company,TAP,US
Molson Coors Brewing Company,TAP.A,US
"Molycorp, Inc.",MCP,US
Monmouth Real Estate Investment Corporation,MNR,US
Monmouth Real Estate Investment Corporation,MNR.PRA,US
Monmouth Real Estate Investment Corporation,MNR.PRB,US
Monsanto Company,MON,US
"Monster Worldwide, Inc.",MWW,US
"Montgomery Street Income Securities, Inc.",MTS,US
Montpelier Re Holdings Ltd.,MRH,Bermuda
Montpelier Re Holdings Ltd.,MRH.PRA,Bermuda
Moody's Corporation,MCO,US
Moog Inc.,MOG.A,US
Moog Inc.,MOG.B,US
Morgan Stanley,MS,US
Morgan Stanley,ICB,US
Morgan Stanley,MS.PRA,US
Morgan Stanley,MS.PRE,US
Morgan Stanley,MS.PRF,US
Morgan Stanley,MS.PRG,US
"Morgan Stanley Asia-Pacific Fund, Inc.",APF,US
Morgan Stanley Capital Trust III,MWR,US
Morgan Stanley Capital Trust IV,MWG,US
Morgan Stanley Capital Trust VIII,MSK,US
Morgan Stanley Capital Trust VII,MSZ,US
Morgan Stanley Capital Trust VI,MSJ,US
Morgan Stanley Capital Trust V,MWO,US
"Morgan Stanley China A Share Fund, Inc.",CAF,US
"Morgan Stanley Eastern European Fund, Inc.",RNE,US
"Morgan Stanley Emerging Markets Debt Fund, Inc.",MSD,US
"Morgan Stanley Emerging Markets Domestic Debt Fund, Inc.",EDD,US
"Morgan Stanley Emerging Markets Fund, Inc.",MSF,US
"Morgan Stanley India Investment Fund, Inc.",IIF,US
The Mosaic Company,MOS,US
"Motorola Solutions, Inc.",MSI,US
"Movado Group, Inc.",MOV,US
MPLX LP,MPLX,US
MRC Global Inc.,MRC,US
MS Structured Asset Corp.,HJV,US
MSA Safety Incorporated,MSA,US
Msc Industries Direct Co Inc.,MSM,US
"MSCI, Inc.",MSCI,US
"Mueller Industries, Inc.",MLI,US
"Mueller Water Products, Inc.",MWA,US
Murphy Oil Corporation,MUR,US
Murphy USA Inc.,MUSA,US
MV Oil Trust,MVO,US
"MVC Capital, Inc.",MVC,US
"MVC Capital, Inc.",MVCB,US
"Myers Industries, Inc.",MYE,US
Nabors Industries,NBR,United States
NACCO Industries,NC,United States
Nam Tai Property Inc.,NTP,Hong Kong
National Bank Holdings Corporation,NBHC,United States
National Bank of Greece,NBG,Greece
National Fuel Gas,NFG,United States
National Grid plc,NGG,United Kingdom
National Health Investors Inc.,NHI,United States
National Oilwell Varco,NOV,United States
National Presto Industries,NPK,United States
National Retail Properties,NNN,United States
Nationstar_Mortgage,NSM,United States
"Natural Gas Services Group, Inc.",NGS,United States
Vitamin Cottage Natural Grocers,NGVC,United States
Natural Resource Partners LP,NRP,United States
Natuzzi,NTZ,Italy
"Nautilus, Inc.",NLS,United States
Navigant Consulting,NCI,United States
Navigator Holdings Ltd.,NVGS,United States
Navios Maritime Acquisition Corporation,NNA,Greece
Navios Maritime Holdings,NM,Greece
Navistar International,NAV,United States
NCI Building Systems,NCS,United States
NCR Corporation,NCR,United States
"Neenah Paper, Inc.",NP,United States
Nelnet,NNI,United States
NeoPhotonics Corporation,NPTN,United States
NetSuite Inc.,N,United States
Neustar,NSR,United States
The New Home Company Inc.,NWHM,United States
New Jersey Resources,NJR,United States
New Media Investment Group Inc.,NEWM,United States
New Mountain Capital,NMFC,United States
New Oriental,EDU,China
New Residential Investment Corp,NRZ,United States
New Source Energy Partners L.P.,NSLP,United States
New York & Company,NWY,United States
New York Community Bank,NYCB,United States
The New York Times Company,NYT,United States
Newcastle Investment Corp.,NCT,United States
Newell Rubbermaid,NWL,United States
Ethyl Corporation,NEU,United States
Newmont Corporation,NEM,United States
Newpark Resources Inc.,NR,United States
NextEra Energy,NEE,United States
NextEra Energy Partners,NEP,United States
NGL Energy Partners LP,NGL,United States
Nidec,NJ,Japan
Nielsen N.V.,NLSN,Netherlands
"Nike, Inc.",NKE,United States
Nimble Storage,NMBL,United States
Nippon Telegraph and Telephone,NTT,Japan
Niska Gas Storage Partners,NKA,United States
NiSource,NI,United States
NL Industries,NL,United States
Noah Holdings Limited,NOAH,China
Nokia,NOK,Finland
Nomura Holdings,NMR,Japan
"Norcraft Companies, Inc.",NCFT,United States
Nord Anglia Education,NORD,United States
Nordic American Tankers Limited,NAT,Bermuda
Nordion,NDZ,Canada
Nordstrom,JWN,United States
Norfolk Southern Railway,NSC,United States
Nortel Inversora S A,NTL,Argentina
North American Energy Partners Inc.,NOA,Canada
North European Oil Royalty Trust,NRT,United States
Northeast Utilities,NU,United States
Northern Tier Energy LP,NTI,United States
Northrop Grumman,NOC,United States
NW Natural,NWN,United States
NorthWestern Corporation,NWE,United States
Novartis,NVS,Switzerland
Novo Nordisk,NVO,Denmark
NOW Inc.,DNOW,United States
NQ Mobile Inc.,NQ,China
NRG Energy,NRG,United States
"NRG Yield, Inc.",NYLD,United States
NTT DoCoMo,DCM,Japan
Nu Skin Enterprises,NUS,United States
Nucor,NUE,United States
NuStar Energy,NS,United States
"NuStar GP Holdings, LLC",NSH,United States
"NuStar Logistics, L.P.",NSS,United States
"Nuverra Environmental Solutions, Inc.",NES,United States
Nvidia Corporation,NVDA,United States
"NVR, Inc.",NVR,United States
"Oaktree Capital Group, LLC",OAK,US
Occidental Petroleum Corporation,OXY,US
Oceaneering International Inc.,OII,US
Och-Ziff Capital Management Group LLC,OZM,US
OCI Partners LP,OCIP,US
OCI Resources LP,OCIR,US
Ocwen Financial Corporation,OCN,US
Office Depot Inc.,ODP,US
OFG Bancorp,OFG,US
OFG Bancorp,OFG.PRA,Puerto Rico
OFG Bancorp,OFG.PRB,Puerto Rico
OFG Bancorp,OFG.PRD,Puerto Rico
OGE Energy Corp.,OGE,US
Oi S.A.,OIBR,Brazil
Oi S.A.,OIBR.C,Brazil
Oil Dri Corporation of America,ODC,US
"Oil States International, Inc",OIS,US
"Oiltanking Partners, L.P.",OILT,US
Old Republic International Corporation,ORI,US
Olin Corporation,OLN,US
"OM Group, Inc.",OMG,US
"Omega Healthcare Investors, Inc",OHI,US
Omega Protein Corporation,OME,US
Omnicare Inc.,OCR,US
Omnicare Capital Trust I,OCR.PRA,US
Omnicare Capital Trust II,OCR.PRB,US
Omnicom Group Inc.,OMC,US
OMNOVA Solutions Inc.,OMN,US
"On Assignment, Inc.",ASGN,US
"ONE Gas, Inc.",OGS,US
"One Liberty Properties, Inc.",OLP,US
"OneBeacon Insurance Group, LTD",OB,US
"ONEOK, Inc.",OKE,US
"Oneok Partners, L.P.",OKS,US
"OPKO Health, Inc.",OPK,US
Oppenheimer Holdings Inc.,OPY,US
Oracle Corporation,ORCL,US
Orange S.A.,ORAN,France
Orbital Sciences Corporation,ORB,US
Orient Express Hotels Ltd.,BEL,US
Orion Engineered Carbons S.A.,OEC,Luxembourg
"Orion Marine Group, Inc.",ORN,US
Orix Corporation,IX,Japan
"Ormat Technologies, Inc.",ORA,US
Oshkosh Corporation,OSK,US
Owens & Minor Inc.,OMI,US
Owens Corning,OC,US
Owens Illinois Inc.,OI,US
Oxford Industries Inc.,OXM,US
"Oxford Resource Partners, LP",OXF,US
Pacific Coast Oil Trust,ROYT,US
Pacific Drilling S.A.,PACD,US
Packaging Corporation Of America,PKG,US
Pall Corporation,PLL,US
"Palo Alto Networks, Inc.",PANW,US
Pampa Energía S.A.,PAM,Argentina
"Pandora Media, Inc.",P,US
Panhandle Oil and Gas Inc,PHX,US
PAR Technology Corporation,PAR,US
Park Electrochemical Corporation,PKE,US
Parker Drilling Company,PKD,US
Parker Hannifin Corporation,PH,US
"Parsley Energy, Inc.",PE,US
PartnerRe Ltd.,PRE,Bermuda
PartnerRe Ltd.,PRE.PRD,Bermuda
PartnerRe Ltd.,PRE.PRE,Bermuda
PartnerRe Ltd.,PRE.PRF,Bermuda
"Paycom Software, Inc.",PAYC,US
PBF Energy Inc.,PBF,US
PBF Logistics LP,PBFX,US
"PCM Fund, Inc.",PCM,US
Peabody Energy Corporation,BTU,US
Pearson plc,PSO,United Kingdom
Pebblebrook Hotel Trust,PEB,US
Pebblebrook Hotel Trust,PEB.PRA,US
Pebblebrook Hotel Trust,PEB.PRB,US
Pebblebrook Hotel Trust,PEB.PRC,US
Pembina Pipeline Corporation,PBA,Canada
Pengrowth Energy Corporation,PGH,Canada
Penn Virginia Corporation,PVA,US
Penn West Petroleum Ltd.,PWE,Canada
PennantPark Investment Corporation,PNTA,US
Pennsylvania Real Estate Investment Trust,PEI,US
Pennsylvania Real Estate Investment Trust,PEI.PRA,US
Pennsylvania Real Estate Investment Trust,PEI.PRB,US
"PennyMac Financial Services, Inc.",PFSI,US
PennyMac Mortgage Investment Trust,PMT,US
"Penske Automotive Group, Inc.",PAG,US
"Pentair, Ltd.",PNR,Ireland
Pep Boys Manny Moe & Jack,PBY,US
"Pepco Holdings, Inc.",POM,US
PepsiCo Inc.,PEP,US
Performance Sports Group Ltd.,PSG,US
"PerkinElmer, Inc.",PKI,US
Permian Basin Royalty Trust,PBT,US
Perrigo Company PLC,PRGO,US
Petrobras - Petroleo Brasileiro S.A.,PBR,Brazil
Petrobras - Petróleo Brasileiro S.A.,PBR.A,Brazil
Petrobras Argentina S.A.,PZE,Argentina
PetroChina Company Limited,PTR,China
Petroleum & Resources Corporation,PEO,US
"Petroquest Energy, Inc.",PQ,US
Pfizer Inc.,PFE,US
PG&E Corporation,PCG,US
PharMerica Corporation,PMC,US
PHH Corporation,PHH,US
Philip Morris International Inc.,PM,US
Philippine Long Distance Telephone Co.,PHI,Philippines
Phillips 66,PSX,US
Phillips 66 Partners LP,PSXP,US
"The Phoenix Companies, Inc.",PNX,US
"The Phoenix Companies, Inc.",PFX,US
Phoenix New Media Limited,FENG,China
Physicians Realty Trust,DOC,US
Piedmont Natural Gas Co Inc.,PNY,US
Piedmont Office Realty Trust,PDM,US
Pier 1 Imports Inc.,PIR,US
Pike Corporation,PIKE,US
PIMCO California Municipal Income Fund II,PCK,US
PIMCO California Municipal Income Fund,PCQ,US
PIMCO California Municipal Income Fund III,PZC,US
PIMCO Corporate & Income Opportunity Fund,PTY,US
PIMCO Corporate & Income Strategy Fund,PCN,US
PIMCO Dynamic Credit Income Fund,PCI,US
PIMCO Dynamic Income Fund,PDI,US
PIMCO Global StocksPLUS & Income Fund,PGP,US
PIMCO High Income Fund,PHK,US
Pimco Income Opportunity Fund,PKO,US
PIMCO Income Strategy Fund,PFL,US
PIMCO Income Strategy Fund II,PFN,US
PIMCO Municipal Income Fund,PMF,US
PIMCO Municipal Income Fund II,PML,US
PIMCO Municipal Income Fund III,PMX,US
PIMCO New York Municipal Income Fund,PNF,US
PIMCO New York Municipal Income Fund II,PNI,US
PIMCO New York Municipal Income Fund III,PYN,US
"PIMCO Strategic Income Fund, Inc.",RCS,US
"Pinnacle Entertainment, Inc.",PNK,US
"Pinnacle Foods, Inc.",PF,US
Pinnacle West Capital Corporation,PNW,US
Pioneer Energy Services Corp.,PES,US
Pioneer Floating Rate Trust,PHD,US
Pioneer High Income Trust,PHT,US
Pioneer Municipal High Income Advantage Trust,MAV,US
Pioneer Municipal High Income Trust,MHI,US
Pioneer Natural Resources Company,PXD,US
Piper Sandler Companies,PIPR,US
Pitney Bowes Inc.,PBI,US
Pitney Bowes Inc,PBI.PRA,US
Pitney Bowes Inc,PBI.PRB,US
"Plains All American Pipeline, L.P.",PAA,US
"Plains GP Holdings, L.P.",PAGP,US
Plantronics Inc.,PLT,US
Platform Specialty Products Corporation,PAH,US
"Platinum Underwriters Holdings, Ltd.",PTP,US
PLC Capital Trust V,PL.PRB,US
"Plum Creek Timber Company, Inc.",PCL,US
"Ply Gem Holdings, Inc.",PGEM,US
"The PNC Financial Services Group, Inc.",PNC,US
"The PNC Financial Services Group, Inc.",PNC.PRP,US
"The PNC Financial Services Group, Inc.",PNC.PRQ,US
"The PNC Financial Services Group, Inc.",PNC.WS,US
"PNM Resources, Inc.",PNM,US
Polaris Industries Inc.,PII,US
PolyOne Corporation,POL,US
"Polypore International, Inc.",PPO,US
Portland General Electric Company,POR,US
Portugal Telecom SGPS SA,PT,Portugal
POSCO,PKX,South Korea
"Post Holdings, Inc.",POST,US
Post Pptys Inc,PPS.PRA,US
Post Properties Inc.,PPS,US
Potash Corporation of Saskatchewan Inc.,POT,Canada
"PowerSecure International, Inc.",POWR,US
"PPG Industries, Inc.",PPG,US
PPL Corporation,PPL,US
"PPL Capital Funding, Inc.",PPX,US
"Praxair, Inc.",PX,US
Precision Drilling Trust,PDS,Canada
"Premiere Global Services, Inc.",PGI,US
"Prestige Brands Holdings, Inc.",PBH,US
Pretium Resources Inc.,PVG,US
"Primerica, Inc.",PRI,US
Primero Mining Corp.,PPP,US
"Principal Financial Group, Inc.",PFG,US
"Principal Financial Group, Inc.",PFG.PRB,US
Principal Real Estate Income Fund,PGZ,US
"PrivateBancorp, Inc.",PVTD,US
ProAssurance Corporation,PRA,US
Procter & Gamble Co.,PG,US
Progressive Corporation,PGR,US
Progressive Waste Solutions Ltd.,BIN,US
"Prologis, Inc.",PLD,US
"Promotora de Informaciones, S.A.",PRIS,Spain
"PROS Holdings, Inc.",PRO,US
Prospect Capital Corporation,PRY,US
"Prosperity Bancshares, Inc",PB,US
Protective Life Corporation,PL,US
Protective Life Corporation,PLP,US
Protective Life Corporation,PL.PRC,US
Protective Life Corporation,PL.PRE,US
"Proto Labs, Inc.",PRLB,US
"Provident Financial Services, Inc.",PFS,US
Prudential plc,PUK,United Kingdom
"Prudential Financial, Inc.",PFK,US
"Prudential Financial, Inc.",PJH,US
"Prudential Financial, Inc.",PRH,US
"Prudential Financial, Inc.",PRU,US
"Prudential Global Short Duration High Yield Fund, Inc.",GHY,US
Prudential Public Limited Company,PUK.PR,United Kingdom
Prudential Public Limited Company,PUK.PRA,United Kingdom
"Prudential Short Duration High Yield Fund, Inc.",ISD,US
"PS Business Parks, Inc.",PSB,US
"PS Business Parks, Inc.",PSB.PRR,US
"PS Business Parks, Inc.",PSB.PRS,US
"PS Business Parks, Inc.",PSB.PRT,US
"PS Business Parks, Inc.",PSB.PRU,US
"PS Business Parks, Inc.",PSB.PRV,US
P.T. Telekomunikasi Indonesia,TLK,Indonesia
Public Service Enterprise Group Inc.,PEG,US
Public Storage,PSA,US
Public Storage,PSA.PRO,US
Public Storage,PSA.PRP,US
Public Storage,PSA.PRQ,US
Public Storage,PSA.PRR,US
Public Storage,PSA.PRS,US
Public Storage,PSA.PRT,US
Public Storage,PSA.PRU,US
Public Storage,PSA.PRV,US
Public Storage,PSA.PRW,US
Public Storage,PSA.PRX,US
Public Storage,PSA.PRY,US
Public Storage,PSA.PRZ,US
Pulse Electronics Corporation,PULS,US
"PulteGroup, Inc.",PHM,US
"Puma Biotechnology, Inc.",PBYI,US
Putnam High Income Securities Fund,PCF,US
Putnam Managed Municipal Income Trust,PMM,US
Putnam Master Intermediate Income Trust,PIM,US
Putnam Municipal Opportunities Trust,PMO,US
Putnam Premier Income Trust,PPT,US
PVH Corp.,PVH,US
"Pzena Investment Management, Inc.",PZN,US
"Q2 Holdings, Inc.",QTWO,US
"QEP Midstream Partners, LP",QEPM,US
"QEP Resources, Inc.",QEP,US
QIHOO 360 Technology Co. Ltd.,QIHU,China
"QR Energy, LP",QRE,US
"QTS Realty Trust, Inc.",QTS,US
"Quad/Graphics, Inc.",QUAD,US
Quaker Chemical Corporation,KWR,US
Quanex Building Products Corporation,NX,US
Quanta Services Inc.,PWR,US
Quantum Corporation,QTM,US
Quest Diagnostics Incorporated,DGX,US
Questar Corporation,STR,US
"Quiksilver, Inc.",ZQK,US
Quintiles IMS Holdings Inc.,Q,US
Qwest Corporation,CTU,US
Qwest Corporation,CTW,US
Qwest Corporation,CTX,US
Qwest Corporation,CTY,US
Radian Group,RDN,US
Rally Software Development Corp.,RALY,US
Ralph Lauren Corporation,RL,US
RPT Realty,RPT,US
Range Resources,RRC,US
Raymond James Financial,RJF,US
Raymond James Financial,RJD,US
Rayonier,RYN,US
Rayonier Advanced Materials,RYAM,US
RCS Capital Corporation,RCAP,US
RE/MAX,RMAX,US
RealD,RLD,US
Realogy,RLGY,US
Realty Income Corporation,O,US
Red Lion Hotels Corporation,RLH,US
Redwire Corporation,RDW,US
Redwood Trust Inc,RWT,US
Regal-Beloit,RBC,US
Regal Entertainment Group,RGC,US
Regency Centers Corporation,REG,US
Regional Management Corp.,RM,US
Regions Financial Corporation,RF,US
Regis Corporation,RGS,US
Reinsurance Group of America,RGA,US
Reliance Steel & Aluminum Co.,RS,US
RenaissanceRe Holdings Ltd.,RNR,Bermuda
ReneSola,SOL,China
Renren,RENN,China
Rentech,RNF,US
Republic Services,RSG,US
ResMed,RMD,US
Resolute Energy Corporation,REN,US
Resolute Forest Products,RFP,US
Restoration Hardware,RH,US
Restaurant Brands International,QSR,US
"Retail Properties of America, Inc.",RPAI,US
Revlon,REV,US
REX American Resources,REX,US
"Rexford Industrial Realty, Inc.",REXR,US
Rexnord Corporation,RXN,US
Reynolds American,RAI,US
Rhino Resource Partners LP,RNO,Canada
RingCentral,RNG,US
Rio Alto Mining,RIOM,US
Rio Tinto Group,RIO,United Kingdom
Ritchie Bros. Auctioneers,RBA,Canada
Rite Aid,RAD,US
RLI Corp,RLI,US
RLJ Lodging Trust,RLJ,US
"Roadrunner Transportation Systems, Inc.",RRTS,US
Robert Half International,RHI,US
Roblox Corporation,RBLX,US
Rocket Companies,RKT,US
Rockwell Automation,ROK,US
Rockwell Collins,COL,US
"Rockwood Holdings, Inc.",ROC,US
Rogers Corporation,ROG,US
Rogers Communications,RCI,Canada
Rollins Inc.,ROL,US
Roper Industries,ROP,US
"Rose Rock Midstream, L.P.",RRMS,US
Rosetta Stone Inc.,RST,US
Roundy's,RNDY,US
Royal Bank of Canada,RY,Canada
Royal Bank of Scotland,RBS,United Kingdom
Royal Caribbean Group,RCL,US
Royal Dutch Shell,RDS.A,Netherlands
RPC Inc.,RES,US
RPM International,RPM,US
"RSP Permian, Inc.",RSPP,US
RTI International Metals,RTI,US
Rubicon Project,RUBI,US
Ruckus Wireless,RKUS,US
"Rudolph Technologies, Inc.",RTEC,US
Ryder,R,US
Ryman Hospitality Properties,RHP,US
Sabine Royalty Trust,SBR,US
Safe Bulkers Inc.,SB,Greece
Safe Bulkers Inc.,SB.PRB,US
"Safe Bulkers, Inc.",SB.PRC,Marshall Islands
"Safe Bulkers, Inc.",SB.PRD,US
"Safeguard Scientifics, Inc.",SFE,US
Safeway Inc.,SWY,US
"salesforce.com, inc.",CRM,US
Salient Midstream & MLP Fund,SMM,US
Salient MLP and Energy Infrastructure Fund,SMF,US
"Sally Beauty Holdings, Inc.",SBH,US
San Juan Basin Royalty Trust,SJT,US
Sanchez Energy Corporation,SN,US
"SandRidge Energy, Inc.",SD,US
SandRidge Mississippian Trust I,SDT,US
SandRidge Mississippian Trust II,SDR,US
SandRidge Permian Trust,PER,US
Sanofi,SNY,France
Santander Consumer USA Holdings Inc.,SC,US
Santander Finance Preferred S.A. Unipersonal,SAN.PRA,Spain
Santander Finance Preferred S.A. Unipersonal,SAN.PRB,Spain
Santander Finance Preferred S.A. Unipersonal,SAN.PRC,Spain
Santander Finance Preferred S.A. Unipersonal,SAN.PRE,Spain
Santander Finance Preferred S.A. Unipersonal,SAN.PRF,Spain
Santander Finance Preferred S.A. Unipersonal,SAN.PRI,Spain
"Santander Holdings USA, Inc.",SOV.PRC,Mexico
SAP SE,SAP,Germany
Saratoga Investment Corp.,SAQ,US
Saratoga Investment Corp.,SAR,US
Sasol Limited,SSL,South Africa
Saul Centers Inc.,BFS,US
Saul Centers Inc.,BFS.PRA,US
Saul Centers Inc.,BFS.PRC,US
SCANA Corporation,SCG,US
Scana Corporation,SCU,US
SCE Trust I,SCE.PRF,US
SCE Trust II,SCE.PRG,US
SCE Trust III,SCE.PRH,US
Schlumberger Limited,SLB,US
"Schweitzer Mauduit International, Inc.",SWM,US
Science Applications International Corporation,SAIC,US
Scorpio Bulkers Inc.,SALT,US
Scorpio Tankers Inc.,SBNA,US
Scorpio Tankers Inc.,STNG,Monaco
The Scotts Miracle-Gro Company,SMG,US
"Scripps Networks Interactive, Inc.",SNI,US
Seabridge Gold Inc.,SA,Canada
SEACOR Holdings Inc.,CKH,US
Seadrill Limited,SDRL,Norway
Seadrill Partners LLC,SDLP,US
Sealed Air Corporation,SEE,US
Seaspan Corporation,SSW,Marshall Islands
Seaspan Corporation,SSWN,China
Seaspan Corporation,SSW.PRC,Marshall Islands
Seaspan Corporation,SSW.PRD,Marshall Islands
Seaspan Corporation,SSW.PRE,Marshall Islands
"SeaWorld Entertainment, Inc.",SEAS,US
Select Asset Inc.,JBN,US
Select Asset Inc.,JBR,US
Select Income REIT,SIR,US
Select Medical Holdings Corporation,SEM,US
"Selective Insurance Group, Inc.",SGZA,US
Semiconductor Manufacturing International Corporation,SMI,China
Sempra Energy,SRE,US
Senior Housing Properties Trust,SNH,US
Senior Housing Properties Trust,SNHN,US
Sensata Technologies Holding N.V.,ST,Netherlands
Sensient Technologies Corporation,SXT,US
Sequans Communications S.A.,SQNS,France
Service Corporation International,SCI,US
"ServiceNow, Inc.",NOW,US
Sesa Sterlite Limited,SSLT,US
Shaw Communications Inc.,SJR,Canada
Sherwin Williams Co.,SHW,US
Shinhan Financial Group,SHG,South Korea
Ship Finance International Limited,SFL,Bermuda
"Shutterstock, Inc.",SSTK,US
Sibanye Gold Limited,SBGL,South Africa
Signet Jewelers Limited,SIG,Bermuda
Silver Bay Realty Trust Corp.,SBY,US
"Silver Spring Networks, Inc.",SSNI,US
Silver Wheaton Corp.,SLW,Canada
Silvercorp Metals Inc.,SVM,China
"Simon Property Group, Inc.",SPG,US
"Simon Property Group, Inc.",SPG.PRJ,US
"Simpson Manufacturing Co., Inc.",SSD,US
Sinopec Shanghai Petrochemical Company Limited,SHI,China
Site Centers,SITC,US
Six Flags Entertainment Corporation,SIX,US
SJW Corp.,SJW,US
"SK Telecom Co., Ltd.",SKM,South Korea
"SKECHERS USA, Inc.",SKX,US
"Skilled Healthcare Group, Inc.",SKH,US
SL Green Realty Corporation,SLG,US
SL Green Realty Corp.,SLG.PRI,US
SM Energy Company,SM,US
Smith & Nephew plc,SNN,United Kingdom
Snap On Inc.,SNA,US
Sociedad Química y Minera de Chile S.A.,SQM,Chile
Solar Capital Ltd.,SLRA,US
"SolarWinds, Inc.",SWI,US
"Solera Holdings, Inc.",SLH,US
Sonic Automotive Inc.,SAH,US
Sonoco Products Co.,SON,US
Sony Corporation,SNE,Japan
Sotheby's,BID,US
SouFun Holdings Limited,SFUN,China
"Source Capital, Inc.",SOR,US
South Jersey Industries Inc.,SJI,US
"Southcross Energy Partners, L.P.",SXE,US
Southern Company,SO,US
Southern Copper Corporation,SCCO,US
Southwest Airlines Co.,LUV,US
Southwest Gas Corporation,SWX,US
Southwestern Energy Co.,SWN,US
Sovran Self Storage Inc.,SSS,US
"Spansion, Inc.",CODE,US
Sparton Corporation,SPA,US
"Special Opportunities Fund, Inc.",SPE,US
Spectra Energy Corp,SE,US
"Spectra Energy Partners, LP",SEP,US
"Spectrum Brand Holdings, Inc.",SPB,US
"Speedway Motorsports, Inc.",TRK,US
"Spirit AeroSystems Holdings, Inc.",SPR,US
"Spirit Realty Capital, Inc.",SRC,US
Sprague Resources LP,SRLP,US
"Springleaf Holdings, Inc.",LEAF,US
Sprint Corporation,S,US
SPX Corporation,SPW,US
St Joe Co.,JOE,US
"St. Jude Medical, Inc.",STJ,US
"STAG Industrial, Inc.",STAG,US
"STAG Industrial, Inc.",STAG.PRA,US
"STAG Industrial, Inc.",STAG.PRB,US
"Stage Stores, Inc.",SSI,US
"StanCorp Financial Group, Inc.",SFG,US
"Standard Motor Products, Inc.",SMP,US
Standex International Corporation,SXI,US
"Stanley Black & Decker, Inc.",SWK,US
"Stanley Black & Decker, Inc.",SWH,US
"Stanley Black & Decker, Inc.",SWJ,US
"Stanley Black & Decker, Inc.",SWU,US
Stantec Inc.,STN,Canada
Star Gas Partners LP.,SGU,US
Starrett L S Co.,SCX,US
Startek Inc.,SRT,US
"Starwood Property Trust, Inc.",STWD,US
State Street Corporation,STT,US
State Street Corporation,STT.PRC,US
State Street Corporation,STT.PRD,US
Statoil ASA,STO,Norway
Steel Partners Holdings L.P.,SPLP,US
Steelcase Inc.,SCS,US
Stellus Capital Investment Corporation,SCM,US
Stellus Capital Investment Corporation,SCQ,US
Stepan Co.,SCL,US
Steris Corporation,STE,US
Sterling Bancorp,STL,US
Stewart Information Services Corporation,STC,US
Stifel Financial Corporation,SF,US
Stifel Financial Corporation,SFB,US
Stifel Financial Corporation,SFN,US
Stillwater Mining Company,SWC,US
STMicroelectronics NV,STM,Switzerland
Stone Energy Corporation,SGY,US
Stone Harbor Emergin Markets Income Fund,EDF,US
Stone Harbor Emerging Markets Total Income Fund,EDI,US
Stonegate Mortgage Corporation,SGM,US
StoneMor Partners L.P.,STON,US
"Stoneridge, Inc.",SRI,US
"STR Holdings, Inc.",STRI,US
"Strategic Global Income Fund, Inc.",SGL,US
"Strategic Hotel & Resorts, Inc.",BEE,US
"Strategic Hotel & Resorts, Inc.",BEE.PRB,US
Structured Products Corp.,HYL,US
Structured Products Corp.,KCC,US
Structured Products Corp.,KTH,US
Structured Products Corp.,KTN,US
Structured Products Corp.,KTP,US
Stryker Corporation,SYK,US
"Sturm, Ruger & Company Inc.",RGR,US
Suburban Propane Partners LP,SPH,US
"Sumitomo Mitsui Financial Group, Inc.",SMFG,Japan
"Summit Hotel Properties, Inc.",INN,US
"Summit Hotel Properties, Inc.",INN.PRA,US
"Summit Hotel Properties, Inc.",INN.PRB,US
"Summit Hotel Properties, Inc.",INN.PRC,US
"Summit Midstream Partners, LP",SMLP,US
Sun Communities Inc.,SUI,US
Sun Communities Inc.,SUI.PRA,US
"Sun Life Financial, Inc.",SLF,Canada
"SunCoke Energy, Inc.",SXC,US
"SunCoke Energy Partners, L.P",SXCP,US
Suncor Energy Inc.,SU,Canada
"SunEdison, Inc.",SUNE,US
"Sunoco Logistics Partners, L.P.",SXL,US
"Sunstone Hotel Investors, Inc.",SHO,US
"Sunstone Hotel Investors, Inc.",SHO.PRD,US
Suntrust Banks Inc.,STI,US
Suntrust Banks Inc.,STI.PRA,US
Suntrust Banks Inc.,STI.PRE,US
Suntrust Banks Inc.,STI.WS.A,US
Suntrust Banks Inc.,STI.WS.B,US
"Superior Energy Services, Inc.",SPN,US
Superior Industries International Inc.,SUP,US
Supervalu Inc.,SVU,US
Susser Holdings Corporation,SUSS,US
Susser Petroleum Partners LP,SUSP,US
Swift Energy Co.,SFY,US
Swift Transportation Company,SWFT,US
"The Swiss Helvetia Fund, Inc.",SWZ,US
"SWS Group, Inc.",SWS,US
Symetra Financial Corporation,SYA,US
Symmetry Medical Inc.,SMA,US
Syngenta AG,SYT,Switzerland
SYNNEX Corporation,SNX,US
Synovus Financial Corp.,SNV,US
Synovus Financial Corp.,SNV.PRC,US
"Synthetic Fixed-Income Securities, Inc.",GJH,US
"Synthetic Fixed-Income Securities, Inc.",GJO,US
"Synthetic Fixed-Income Securities, Inc.",GJP,US
"Synthetic Fixed-Income Securities, Inc.",GJR,US
"Synthetic Fixed-Income Securities, Inc.",GJS,US
"Synthetic Fixed Income Securities, Inc.",GJT,US
"Synthetic Fixed-Income Securities, Inc.",GJV,US
SYSCO Corporation,SYY,US
Systemax Inc.,SYX,US
"T-Mobile US, Inc.",TMUS,US
"Tableau Software, Inc.",DATA,US
Tahoe Resources Inc.,TAHO,US
"The Taiwan Fund, Inc.",TWN,US
Taiwan Semiconductor Manufacturing Company Ltd.,TSM,Taiwan
TAL Education Group,XRS,China
TAL International Group,TAL,US
Talisman Energy Inc.,TLM,Canada
"Tallgrass Energy Partners, LP",TEP,US
Taminco Corporation,TAM,US
"Tanger Factory Outlet Centers, Inc.",SKT,US
Taomee Holdings Ltd.,TAOM,China
Targa Resources Corp.,TRGP,US
Targa Resources Partners LP,NGLS,US
Target Corporation,TGT,US
Taro Pharmaceutical Industries Ltd.,TARO,US
Tata Motors Limited,TTM,India
"Taubman Centers, Inc.",TCO,US
"Taubman Centers, Inc.",TCO.PRJ,US
"Taubman Centers, Inc.",TCO.PRK,US
Taylor Morrison Home Corporation,TMHC,US
"TC PipeLines, LP",TCP,US
TCF Financial Corporation,TCB,US
TCF Financial Corporation,TCB.PRB,US
TCF Financial Corporation,TCB.PRC,US
TCF Financial Corporation,TCB.WS,US
"TCW Strategic Income Fund, Inc.",TSI,US
TE Connectivity Ltd.,TEL,US
Team Inc.,TISI,US
"Team Health Holdings, Inc.",TMH,US
Teck Resources Limited,TCK,Canada
"TECO Energy, Inc.",TE,US
Teekay Corporation,TK,Marshall Islands
Teekay LNG Partners L.P.,TGP,Marshall Islands
Teekay Offshore Partners L.P.,TOO,Marshall Islands
Teekay Offshore Partners L.P.,TOO.PRA,US
Teekay Tankers Ltd,TNK,Bahamas
Tejon Ranch Co.,TRC,US
Telecom Argentina S.A.,TEO,Argentina
Telecom Italia S.P.A.,TI,Italy
Telecom Italia S.P.A.,TI.A,Italy
Teledyne Technologies Inc,TDY,US
Teleflex Inc.,TFX,US
Telefónica S.A.,TEF,Spain
"Telefónica Brasil, S.A.",VIV,Brazil
"Telephone and Data Systems, Inc.",TDS,US
"Telephone and Data Systems, Inc.",TDA,US
"Telephone and Data Systems, Inc.",TDE,US
"Telephone and Data Systems, Inc.",TDI,US
"Telephone and Data Systems, Inc.",TDJ,US
Telkom SA SOC Limited,TKG,South Africa
Telus Corporation,TU,Canada
"Templeton Dragon Fund, Inc.",TDF,US
Templeton Emerging Markets Fund (Delaware),EMF,US
"Templeton Emerging Markets Income Fund, Inc.",TEI,US
"Templeton Global Income Fund, Inc.",GIM,US
"Templeton Russia and East European Fund, Inc.",TRF,US
"Tempur Sealy International, Inc.",TPX,US
Tenaris S.A.,TS,Luxembourg
Tenet Healthcare Corporation,THC,US
Tennant Company,TNC,US
Tenneco Inc.,TEN,US
Tennessee Valley Authority,TVC,US
Tennessee Valley Authority,TVE,US
Teradata Corporation,TDC,US
Teradyne Inc.,TER,US
Terex Corporation,TEX,US
Ternium S.A.,TX,Luxembourg
Terra Nitrogen Co. LP,TNH,US
Terreno Realty Corporation,TRNO,US
Terreno Realty Corporation,TRNO.PRA,US
Tesoro Corporation,TSO,US
Tesoro Logistics LP,TLLP,US
Tetra Technologies Inc.,TTI,US
Teva Pharmaceutical Industries Ltd.,TEVA,US
Texas Pacific Land Trust,TPL,US
Textainer Group Holdings Limited,TGH,Bermuda
Textron Inc,TXT,US
Textura Corporation,TXTR,US
"The Thai Fund, Inc.",TTF,US
"Themon Group Holdings, Inc.",THR,US
Thermo Fisher Scientific Inc.,TMO,US
Third Point Reinsurance Ltd.,TPRE,US
THL Credit Senior Loan Fund,TSLF,US
Thompson Creek Metals Company Inc.,TC,Canada
Thomson Reuters Corporation,TRI,Canada
"Thor Industries, Inc.",THO,US
"Tidewater, Inc.",TDW,US
Tiffany & Co.,TIF,US
"Tillys, Inc.",TLYS,US
Tim Hortons Inc.,THI,Canada
Tim Participações S.A.,TSU,Brazil
Time Inc.,TIME,US
Time Warner Inc.,TWX,US
Time Warner Cable Inc.,TWC,US
Timken Co.,TKR,US
TimkenSteel Corporation,TMST,US
Titan International Inc.,TWI,US
TJX Companies Inc.,TJX,US
Toll Brothers Inc.,TOL,US
Tootsie Roll Industries Inc.,TR,US
Torchmark Corporation,TMK,US
Torchmark Corporation,TMK.PRB,US
Toro Company,TTC,US
Toronto-Dominion Bank,TD,Canada
"Tortoise Energy Independence Fund, Inc.",NDP,US
Tortoise Energy Infrastructure Corporation,TYG,US
Tortoise Energy Infrastructure Corporation,TYG.PRB,US
Tortoise Energy Infrastructure Corp.,TYG.PRC,US
"Tortoise MLP Fund, Inc.",NTG,US
"Tortoise Pipeline & Energy Fund, Inc.",TTP,US
"Tortoise Power and Energy Infrastructure Fund, Inc.",TPZ,US
TOTAL S.A.,TOT,France
"Tower International, Inc.",TOWR,US
Towers Watson & Co.,TW,US
Toyota Motor Corporation,TM,Japan
"TPG Specialty Lending, Inc.",TSLX,US
TransAlta Corporation,TAC,Canada
"Transamerica Income Shares, Inc.",TAI,US
TransCanada Corporation,TRP,Canada
Transcontinental Realty Investors Inc.,TCI,US
TransDigm Group Incorporated,TDG,US
Transmontaigne Partners L.P.,TLP,US
Transocean Ltd.,RIG,US
Transportadora de Gas del Sur,TGS,Argentina
TravelCenters of America LLC,TA,US
TravelCenters of America LLC,TANN,US
"The Travelers Companies, Inc.",TRV,US
"TRC Companies, Inc.",TRR,US
Trecora Resources,TREC,US
Tredegar Corporation,TG,US
"TreeHouse Foods, Inc.",THS,US
"Tremor Video, Inc.",TRMR,US
"Trex, Inc.",TREX,US
Tri-Continental Corporation,TY,US
Tri-Continental Corp,TY.PR,US
"Tri Pointe Homes, Inc.",TPH,US
Triangle Capital Corporation,TCAP,US
Triangle Capital Corporation,TCC,US
Triangle Capital Corporation,TCCA,US
Trina Solar Limited,TSL,China
"Trinet Group, Inc.",TNET,US
Trinity Industries Inc.,TRN,US
"Trinseo, S.A.",TSE,Luxembourg
Triple-S Management Corporation,GTS,Puerto Rico
TriplePoint Venture Growth BDC Corp.,TPVG,US
Triumph Group Inc.,TGI,US
Tronox Limited,TROX,US
"TrueBlue, Inc.",TBI,US
"Trulia, Inc.",TRLA,US
TRW Automotive Holdings Corp.,TRW,US
Tsakos Energy Navigation Limited,TNP,Greece
Tsakos Energy Navigation Limited,TNP.PRB,Greece
Tsakos Energy Navigation Limited,TNP.PRC,Greece
"Tumi Holdings, Inc.",TUMI,US
Tupperware Brands Corporation,TUP,US
Turkcell Iletisim Hizmetleri A.S.,TKC,US
"The Turkish Investment Fund, Inc.",TKF,US
Turquoise Hill Resources Ltd.,TRQ,Canada
Tutor Perini Corporation,TPC,US
"Twitter, Inc.",TWTR,US
Two Harbors Investment Corp.,TWO,US
Tyco International Ltd.,TYC,Switzerland
"Tyler Technologies, Inc.",TYL,US
Tyson Foods Inc.,TSN,US
UBS AG,UBS,Switzerland
"UCP, Inc.",UCP,US
"UDR, Inc.",UDR,US
UGI Corporation,UGI,US
UIL Holdings Corporation,UIL,US
Ultra Petroleum Corp.,UPL,US
Ultrapar,UGP,Brazil
UMH Properties,UMH,US
Under Armour,UA,US
Unifi Inc,UFI,US
UniFirst,UNF,US
Unilever,UN,Netherlands
Unilever Plc,UL,United Kingdom
Union Pacific Railroad,UNP,US
Unisys,UIS,US
Unit Corporation,UNT,US
United Continental Holdings,UAL,US
United Microelectronics Corporation,UMC,Taiwan
United Parcel Service,UPS,US
United Rentals,URI,US
U.S. Cellular,USM,US
U.S. Steel,X,US
UnitedHealth Group,UNH,US
Unitil Corporation,UTL,US
Universal Corporation,UVV,US
Universal American,UAM,US
Universal Health Realty Income Trust,UHT,US
Universal Health Services,UHS,US
Universal Technical Institute,UTI,US
UNS Energy,UNS,US
Unum Group,UNM,US
URS Corporation,URS,US
Urstadt Biddle Properties,UBA,US
U.S. Bancorp,USB,US
"U.S. Physical Therapy, Inc.",USPH,US
"U.S. Silica Holdings, Inc.",SLCA,US
"USA Compression Partners, LP",USAC,US
USANA Health Sciences,USNA,US
United States Enrichment Corporation,USU,US
"VAALCO Energy, Inc.",EGY,US
"Vail Resorts, Inc.",MTN,US
Vale S.A. ADR,VALE,Brazil
Vale S.A. Pref Share,VALEPR,Brazil
Valero Energy Corp,VLO,US
Valero Energy Partners LP,VLP,US
"Valhi, Inc.",VHI,US
Validus Holdings Inc.,VR,Bermuda
Valley National Bancorp,VLY,US
Valmont Industries Inc.,VMI,US
Valspar Corp,VAL,US
Vantage Drilling Co,VTG,US
Vantiv Inc.,VNTV,US
Vector Group Ltd.,VGR,US
Vectren Corp,VVC,US
Vectrus Inc.,VEC,US
Veeva Systems Inc Class A,VEEV,US
Ventas Inc.,VTR,US
Veritiv Corporation,VRTV,US
Verizon Communications Inc.,VZ,US
Vermilion Energy Inc.,VET,US
Versar Inc,VSR,US
Verso Corp,VRS,US
VF Corp,VFC,US
Viad Corp,VVI,US
Vicon Industries Inc,VII,US
Vince Holding Corp.,VNCE,US
"Violin Memory, Inc.",VMEM,US
Vipshop Holdings Ltd ADR,VIPS,US
VirnetX Holding Corp,VHC,US
Visa Inc.,V,US
Vishay Intertechnology Inc.,VSH,US
Vishay Precision Group Inc,VPG,US
Vista Gold Corp,VGZ,US
Vista Outdoor Inc,VSTO,US
Visteon Corp,VC,US
Vitamin Shoppe Inc,VSI,US
Vivint Solar Inc,VSLR,US
VOC Energy Trust,VOC,US
Vocera Communications Inc,VCRA,US
VolitionRx Ltd,VNRX,Singapore
Volt Information Science Inc,VISI,US
Vonage Holdings Corp.,VG,US
Vornado Realty Trust,VNO,US
Voxeljet AG ADR,VJET,US
Voya Financial Inc,VOYA,US
VTTI Energy Partners Inc,VTTI,US
Vulcan Materials Co,VMC,US
"W&T Offshore, Inc.",WTI,US
Wabash National,WNC,US
"WABCO Holdings, Inc.",WBC,US
Wabtec,WAB,US
Waddell & Reed Financial Inc,WDR,US
"WageWorks, Inc.",WAGE,US
Walmart,WMT,US
Walgreens,WAG,US
Walker & Dunlop,WD,US
The Walt Disney Company,DIS,US
Walter Energy,WLT,US
Walter Investment Management Company,WAC,US
Washington Prime Group Inc.,WPG,US
Washington Real Estate Investment,WRE,US
Waste Connections,WCN,US
"Waste Management, Inc.",WM,US
Waters Corporation,WAT,US
Watsco,WSO,US
"Watts Water Technologies, Inc.",WTS,US
Wausau Paper,WPP,US
Wayfair,W,US
Weatherford International,WFT,Ireland
Webster Bank,WBS,US
WW International,WTW,US
Weis Markets,WMK,US
WellCare,WCG,US
Wells Fargo,WFC,US
"Wesco Aircraft Holdings, Inc.",WAIR,US
WESCO International,WCC,US
West Pharmaceutical Services,WST,US
"Westar Energy, Inc.",WR,US
Western Alliance Bancorporation,WAL,US
"Western Gas Equity Partners, LP",WGP,US
"Western Gas Partners, L.P.",WES,US
Western Refining,WNR,US
"Western Refining Logistics, LP",WNRL,US
Western Union,WU,US
Westlake Chemical,WLK,US
Westpac,WBK,Australia
"Westwood Holdings Group, Inc.",WHG,US
WEX Inc,WEX,US
Weyerhaeuser,WY,US
Washington Gas,WGL,US
Whirlpool Corporation,WHR,US
White Mountains Insurance Group,WTM,US
Whitestone REIT,WSR,US
Whiting Petroleum Corporation,WLL,US
Whiting USA Trust,WHX,US
Whiting USA Trust II,WHZ,US
John Wiley & Sons,JW.B,US
Willbros Group,WG,US
William Lyon Homes,WLH,US
Williams Companies,WMB,US
Williams Partners L.P.,WPZ,US
"Williams-Sonoma, Inc.",WSM,US
Winnebago Industries,WGO,US
Winthrop Realty Trust,WRT,US
Winthrop Realty Trust,FUR,US
Wipro Limited,WIT,India
Wisconsin Energy Corporation,WEC,US
WNS Global Services,WNS,India
Wolverine World Wide,WWW,US
Woori Financial Group,WF,South Korea
"Workday, Inc.",WDAY,US
World Fuel Services,INT,US
"World Point Terminals, LP",WPT,US
WWE,WWE,US
Worthington Industries,WOR,US
W. P. Carey,WPC,US
"WPX Energy, Inc.",WPX,US
W. R. Berkley,WRB,US
W.R. Grace & Co.,GRA,US
WSP Holdings Limited,WH,China
WuXi PharmaTech,WX,China
W. W. Grainger,GWW,US
Wyndham Worldwide,WYN,US
United States Steel Corporation,X,United States
Xenia Hotels & Resorts,XHR,United States
Xerox,XRX,United States
Xinyuan Real Estate,XIN,China
XL Fleet,XL,United States
XPO Logistics,XPO,United States
Xylem Inc.,XYL,United States
Yalla Group,YALA,United Arab Emirates
Yamana Gold,AUY,Canada
Yatsen Holding,YSG,China
Yelp,YELP,United States
Yeti Holdings,YETI,United States
Yext,YEXT,United States
Youdao,YOKU,China
YPF,YPF,Argentina
Yucaipa Acquisition Corporation,YAC,United States
Yum! Brands,YUM,United States
Yum China,YUMC,China
Zendesk,ZEN,United States
Zhihu,ZH,China
ZIM,ZIM,Israel
Zimmer Biomet,ZBH,United States
Zions Bancorporation,ZION,United States
Zuora,ZUO,United States
Zoetis,ZTS,United States
Zymeworks,ZYME,Canada
